destatis_code_DG,state,municipality,neighbor 1,neighbor 2,neighbor 3,neighbor 4,neighbor 5,neighbor 6,neighbor 7,neighbor 8,neighbor 9,neighbor 10,neighbor 11,neighbor 12
1001,Schleswig-Holstein,"Flensburg, kreisfreie Stadt","Schleswig-Flensburg, Kreis",,,,,,,,,,,
1059,Schleswig-Holstein,"Schleswig-Flensburg, Kreis","Flensburg, kreisfreie Stadt","Nordfriesland, Kreis","Dithmarschen, Kreis","Rendsburg-Eckernförde, Kreis",,,,,,,,
1054,Schleswig-Holstein,"Nordfriesland, Kreis","Schleswig-Flensburg, Kreis","Dithmarschen, Kreis",,,,,,,,,,
1051,Schleswig-Holstein,"Dithmarschen, Kreis","Nordfriesland, Kreis","Schleswig-Flensburg, Kreis","Rendsburg-Eckernförde, Kreis","Steinburg, Kreis","Stade, Landkreis",,,,,,,
1058,Schleswig-Holstein,"Rendsburg-Eckernförde, Kreis","Dithmarschen, Kreis","Schleswig-Flensburg, Kreis","Steinburg, Kreis","Kiel, kreisfreie Stadt","Neumünster, kreisfreie Stadt","Plön, Kreis","Segeberg, Kreis",,,,,
1002,Schleswig-Holstein,"Kiel, kreisfreie Stadt","Rendsburg-Eckernförde, Kreis","Plön, Kreis",,,,,,,,,,
1057,Schleswig-Holstein,"Plön, Kreis","Kiel, kreisfreie Stadt","Rendsburg-Eckernförde, Kreis","Neumünster, kreisfreie Stadt","Segeberg, Kreis","Ostholstein, Kreis",,,,,,,
1055,Schleswig-Holstein,"Ostholstein, Kreis","Plön, Kreis","Segeberg, Kreis","Lübeck, kreisfreie Stadt, Hansestadt","Stormarn, Kreis",,,,,,,,
1004,Schleswig-Holstein,"Neumünster, kreisfreie Stadt","Rendsburg-Eckernförde, Kreis","Plön, Kreis","Segeberg, Kreis",,,,,,,,,
1061,Schleswig-Holstein,"Steinburg, Kreis","Stade, Landkreis","Dithmarschen, Kreis","Rendsburg-Eckernförde, Kreis","Segeberg, Kreis","Pinneberg, Kreis",,,,,,,
1060,Schleswig-Holstein,"Segeberg, Kreis","Pinneberg, Kreis","Neumünster, kreisfreie Stadt","Plön, Kreis","Ostholstein, Kreis","Stormarn, Kreis",Hamburg,"Steinburg, Kreis","Rendsburg-Eckernförde, Kreis",,,,
1056,Schleswig-Holstein,"Pinneberg, Kreis","Steinburg, Kreis","Segeberg, Kreis",Hamburg,"Stade, Landkreis",,,,,,,,
1062,Schleswig-Holstein,"Stormarn, Kreis","Segeberg, Kreis","Ostholstein, Kreis","Lübeck, kreisfreie Stadt, Hansestadt","Herzogtum Lauenburg, Kreis",Hamburg,,,,,,,
1003,Schleswig-Holstein,"Lübeck, kreisfreie Stadt, Hansestadt","Ostholstein, Kreis","Nordwestmecklenburg, Landkreis","Herzogtum Lauenburg, Kreis","Stormarn, Kreis",,,,,,,,
1053,Schleswig-Holstein,"Herzogtum Lauenburg, Kreis","Lübeck, kreisfreie Stadt, Hansestadt","Nordwestmecklenburg, Landkreis","Ludwigslust-Parchim, Landkreis","Lüneburg, Landkreis","Harburg, Landkreis",Hamburg,"Stormarn, Kreis",,,,,
2,Hamburg,Hamburg,"Segeberg, Kreis","Stormarn, Kreis","Herzogtum Lauenburg, Kreis","Harburg, Landkreis","Stade, Landkreis","Pinneberg, Kreis",,,,,,
13073,Mecklenburg-Vorpommern,"Vorpommern-Rügen, Landkreis","Vorpommern-Greifswald, Landkreis","Mecklenburgische Seenplatte, Landkreis","Rostock, kreisfreie Stadt",,,,,,,,,
13003,Mecklenburg-Vorpommern,"Rostock, kreisfreie Stadt","Rostock, kreisfreie Stadt",,,,,,,,,,,
13003,Mecklenburg-Vorpommern,"Rostock, kreisfreie Stadt","Rostock, kreisfreie Stadt","Vorpommern-Rügen, Landkreis","Mecklenburgische Seenplatte, Landkreis","Ludwigslust-Parchim, Landkreis","Nordwestmecklenburg, Landkreis",,,,,,,
13075,Mecklenburg-Vorpommern,"Vorpommern-Greifswald, Landkreis","Uckermark, Landkreis","Mecklenburgische Seenplatte, Landkreis","Vorpommern-Rügen, Landkreis",,,,,,,,,
13071,Mecklenburg-Vorpommern,"Mecklenburgische Seenplatte, Landkreis","Vorpommern-Rügen, Landkreis","Vorpommern-Greifswald, Landkreis","Uckermark, Landkreis","Oberhavel, Landkreis","Ostprignitz-Ruppin, Landkreis","Ludwigslust-Parchim, Landkreis","Rostock, kreisfreie Stadt",,,,,
13076,Mecklenburg-Vorpommern,"Ludwigslust-Parchim, Landkreis","Nordwestmecklenburg, Landkreis","Schwerin, kreisfreie Stadt","Rostock, kreisfreie Stadt","Mecklenburgische Seenplatte, Landkreis","Prignitz, Landkreis","Lüchow-Dannenberg, Landkreis","Lüneburg, Landkreis","Herzogtum Lauenburg, Kreis",,,,
13004,Mecklenburg-Vorpommern,"Schwerin, kreisfreie Stadt","Nordwestmecklenburg, Landkreis","Ludwigslust-Parchim, Landkreis",,,,,,,,,,
13074,Mecklenburg-Vorpommern,"Nordwestmecklenburg, Landkreis","Rostock, kreisfreie Stadt","Ludwigslust-Parchim, Landkreis","Schwerin, kreisfreie Stadt","Herzogtum Lauenburg, Kreis","Lübeck, kreisfreie Stadt, Hansestadt",,,,,,,
3452,Niedersachsen,"Aurich, Landkreis","Wittmund, Landkreis","Leer, Landkreis","Emden, kreisfreie Stadt",,,,,,,,,
3462,Niedersachsen,"Wittmund, Landkreis","Friesland, Landkreis","Leer, Landkreis","Aurich, Landkreis",,,,,,,,,
3455,Niedersachsen,"Friesland, Landkreis","Wilhelmshaven, kreisfreie Stadt","Wesermarsch, Landkreis","Ammerland, Landkreis","Leer, Landkreis","Wittmund, Landkreis",,,,,,,
3405,Niedersachsen,"Wilhelmshaven, kreisfreie Stadt","Friesland, Landkreis",,,,,,,,,,,
3461,Niedersachsen,"Wesermarsch, Landkreis","Bremerhaven, kreisfreie Stadt","Cuxhaven, Landkreis","Osterholz, Landkreis","Bremen, kreisfreie Stadt","Delmenhorst, kreisfreie Stadt","Oldenburg, Landkreis","Oldenburg (Oldenburg), kreisfreie Stadt","Ammerland, Landkreis","Friesland, Landkreis",,,
3352,Niedersachsen,"Cuxhaven, Landkreis","Stade, Landkreis","Rotenburg (Wümme), Landkreis","Osterholz, Landkreis","Wesermarsch, Landkreis","Bremerhaven, kreisfreie Stadt",,,,,,,
3359,Niedersachsen,"Stade, Landkreis","Dithmarschen, Kreis","Steinburg, Kreis","Pinneberg, Kreis",Hamburg,"Harburg, Landkreis","Rotenburg (Wümme), Landkreis","Cuxhaven, Landkreis",,,,,
3353,Niedersachsen,"Harburg, Landkreis",Hamburg,"Herzogtum Lauenburg, Kreis","Lüneburg, Landkreis",Heidekreis,"Rotenburg (Wümme), Landkreis","Stade, Landkreis",,,,,,
3355,Niedersachsen,"Lüneburg, Landkreis","Herzogtum Lauenburg, Kreis","Ludwigslust-Parchim, Landkreis","Lüchow-Dannenberg, Landkreis","Uelzen, Landkreis",Heidekreis,"Harburg, Landkreis",,,,,,
3354,Niedersachsen,"Lüchow-Dannenberg, Landkreis","Lüneburg, Landkreis","Ludwigslust-Parchim, Landkreis","Prignitz, Landkreis","Stendal, Kreis","Altmarkkreis Salzwedel, Kreis","Uelzen, Landkreis",,,,,,
3402,Niedersachsen,"Emden, kreisfreie Stadt","Aurich, Landkreis","Leer, Landkreis",,,,,,,,,,
3457,Niedersachsen,"Leer, Landkreis","Emden, kreisfreie Stadt","Aurich, Landkreis","Wittmund, Landkreis","Friesland, Landkreis","Ammerland, Landkreis","Cloppenburg, Landkreis","Emsland, Landkreis",,,,,
3451,Niedersachsen,"Ammerland, Landkreis","Friesland, Landkreis","Wesermarsch, Landkreis","Oldenburg (Oldenburg), kreisfreie Stadt","Oldenburg, Landkreis","Cloppenburg, Landkreis","Leer, Landkreis",,,,,,
3403,Niedersachsen,"Oldenburg (Oldenburg), kreisfreie Stadt","Ammerland, Landkreis","Wesermarsch, Landkreis","Oldenburg, Landkreis",,,,,,,,,
3458,Niedersachsen,"Oldenburg, Landkreis","Oldenburg (Oldenburg), kreisfreie Stadt","Wesermarsch, Landkreis","Delmenhorst, kreisfreie Stadt","Diepholz, Landkreis","Vechta, Landkreis","Cloppenburg, Landkreis","Ammerland, Landkreis",,,,,
3401,Niedersachsen,"Delmenhorst, kreisfreie Stadt","Wesermarsch, Landkreis","Bremen, kreisfreie Stadt","Diepholz, Landkreis","Oldenburg, Landkreis",,,,,,,,
3356,Niedersachsen,"Osterholz, Landkreis","Cuxhaven, Landkreis","Rotenburg (Wümme), Landkreis","Verden, Landkreis","Bremen, kreisfreie Stadt","Wesermarsch, Landkreis",,,,,,,
3357,Niedersachsen,"Rotenburg (Wümme), Landkreis","Cuxhaven, Landkreis","Stade, Landkreis","Harburg, Landkreis",Heidekreis,"Verden, Landkreis","Osterholz, Landkreis",,,,,,
3358,Niedersachsen,Heidekreis,"Harburg, Landkreis","Lüneburg, Landkreis","Uelzen, Landkreis","Celle, Landkreis","Region Hannover, Landkreis","Nienburg (Weser), Landkreis","Verden, Landkreis","Rotenburg (Wümme), Landkreis",,,,
3360,Niedersachsen,"Uelzen, Landkreis","Lüneburg, Landkreis","Lüchow-Dannenberg, Landkreis","Altmarkkreis Salzwedel, Kreis","Gifhorn, Landkreis","Celle, Landkreis",Heidekreis,,,,,,
3454,Niedersachsen,"Emsland, Landkreis","Leer, Landkreis","Cloppenburg, Landkreis","Osnabrück, kreisfreie Stadt","Steinfurt, Kreis","Grafschaft Bentheim, Landkreis",,,,,,,
3456,Niedersachsen,"Grafschaft Bentheim, Landkreis","Emsland, Landkreis","Steinfurt, Kreis","Borken, Kreis",,,,,,,,,
3453,Niedersachsen,"Cloppenburg, Landkreis","Ammerland, Landkreis","Oldenburg, Landkreis","Vechta, Landkreis","Osnabrück, kreisfreie Stadt","Emsland, Landkreis","Leer, Landkreis",,,,,,
3251,Niedersachsen,"Diepholz, Landkreis","Bremen, kreisfreie Stadt","Verden, Landkreis","Nienburg (Weser), Landkreis","Minden-Lübbecke, Kreis","Osnabrück, kreisfreie Stadt","Vechta, Landkreis","Oldenburg, Landkreis","Delmenhorst, kreisfreie Stadt",,,,
3361,Niedersachsen,"Verden, Landkreis","Rotenburg (Wümme), Landkreis",Heidekreis,"Nienburg (Weser), Landkreis","Diepholz, Landkreis","Bremen, kreisfreie Stadt","Osterholz, Landkreis",,,,,,
3351,Niedersachsen,"Celle, Landkreis",Heidekreis,"Uelzen, Landkreis","Gifhorn, Landkreis","Region Hannover, Landkreis",,,,,,,,
3151,Niedersachsen,"Gifhorn, Landkreis","Uelzen, Landkreis","Altmarkkreis Salzwedel, Kreis","Helmstedt, Landkreis","Wolfsburg, kreisfreie Stadt","Braunschweig, kreisfreie Stadt","Peine, Landkreis","Region Hannover, Landkreis","Celle, Landkreis","Börde, Landkreis",,,
3404,Niedersachsen,"Osnabrück, kreisfreie Stadt","Cloppenburg, Landkreis","Vechta, Landkreis","Diepholz, Landkreis","Minden-Lübbecke, Kreis","Herford, Kreis","Gütersloh, Kreis","Warendorf, Kreis","Steinfurt, Kreis","Osnabrück, kreisfreie Stadt","Emsland, Landkreis",,
3404,Niedersachsen,"Osnabrück, kreisfreie Stadt","Osnabrück, kreisfreie Stadt","Steinfurt, Kreis",,,,,,,,,,
3460,Niedersachsen,"Vechta, Landkreis","Cloppenburg, Landkreis","Oldenburg, Landkreis","Diepholz, Landkreis","Osnabrück, kreisfreie Stadt",,,,,,,,
3256,Niedersachsen,"Nienburg (Weser), Landkreis","Verden, Landkreis",Heidekreis,"Region Hannover, Landkreis","Schaumburg, Landkreis","Minden-Lübbecke, Kreis","Diepholz, Landkreis",,,,,,
3257,Niedersachsen,"Schaumburg, Landkreis","Nienburg (Weser), Landkreis","Region Hannover, Landkreis","Hameln-Pyrmont, Landkreis","Lippe, Kreis","Minden-Lübbecke, Kreis",,,,,,,
3252,Niedersachsen,"Hameln-Pyrmont, Landkreis","Schaumburg, Landkreis","Region Hannover, Landkreis","Hildesheim, Landkreis","Holzminden, Landkreis","Lippe, Kreis",,,,,,,
3255,Niedersachsen,"Holzminden, Landkreis","Hameln-Pyrmont, Landkreis","Hildesheim, Landkreis","Northeim, Landkreis","Höxter, Kreis","Lippe, Kreis",,,,,,,
3155,Niedersachsen,"Northeim, Landkreis","Hildesheim, Landkreis","Goslar, Landkreis","Göttingen, Landkreis","Kassel, Landkreis","Höxter, Kreis","Holzminden, Landkreis",,,,,,
3152,Niedersachsen,"Göttingen, Landkreis","Goslar, Landkreis","Nordhausen, Landkreis","Eichsfeld, Landkreis",Werra-Meißner-Kreis,"Kassel, Landkreis","Kassel, Landkreis","Northeim, Landkreis",,,,,
3153,Niedersachsen,"Goslar, Landkreis","Wolfenbüttel, Landkreis","Salzgitter, kreisfreie Stadt","Harz, Landkreis","Nordhausen, Landkreis","Göttingen, Landkreis","Northeim, Landkreis","Hildesheim, Landkreis",,,,,
3158,Niedersachsen,"Wolfenbüttel, Landkreis","Hildesheim, Landkreis","Salzgitter, kreisfreie Stadt","Braunschweig, kreisfreie Stadt","Helmstedt, Landkreis","Harz, Landkreis","Goslar, Landkreis",,,,,,
3102,Niedersachsen,"Salzgitter, kreisfreie Stadt","Peine, Landkreis","Braunschweig, kreisfreie Stadt","Wolfenbüttel, Landkreis","Goslar, Landkreis","Hildesheim, Landkreis",,,,,,,
3241,Niedersachsen,"Region Hannover, Landkreis",Heidekreis,"Celle, Landkreis","Gifhorn, Landkreis","Peine, Landkreis","Hildesheim, Landkreis","Hameln-Pyrmont, Landkreis","Schaumburg, Landkreis","Nienburg (Weser), Landkreis",,,,
3157,Niedersachsen,"Peine, Landkreis","Region Hannover, Landkreis","Gifhorn, Landkreis","Braunschweig, kreisfreie Stadt","Salzgitter, kreisfreie Stadt","Hildesheim, Landkreis",,,,,,,
3254,Niedersachsen,"Hildesheim, Landkreis","Region Hannover, Landkreis","Peine, Landkreis","Salzgitter, kreisfreie Stadt","Wolfenbüttel, Landkreis","Goslar, Landkreis","Northeim, Landkreis","Holzminden, Landkreis","Hameln-Pyrmont, Landkreis",,,,
3101,Niedersachsen,"Braunschweig, kreisfreie Stadt","Gifhorn, Landkreis","Helmstedt, Landkreis","Wolfenbüttel, Landkreis","Salzgitter, kreisfreie Stadt","Peine, Landkreis",,,,,,,
3103,Niedersachsen,"Wolfsburg, kreisfreie Stadt","Gifhorn, Landkreis","Helmstedt, Landkreis",,,,,,,,,,
3154,Niedersachsen,"Helmstedt, Landkreis","Wolfsburg, kreisfreie Stadt","Gifhorn, Landkreis","Börde, Landkreis","Harz, Landkreis","Wolfenbüttel, Landkreis","Braunschweig, kreisfreie Stadt",,,,,,
4012,Bremen,"Bremerhaven, kreisfreie Stadt","Cuxhaven, Landkreis","Wesermarsch, Landkreis",,,,,,,,,,
4011,Bremen,"Bremen, kreisfreie Stadt","Osterholz, Landkreis","Verden, Landkreis","Diepholz, Landkreis","Delmenhorst, kreisfreie Stadt","Wesermarsch, Landkreis",,,,,,,
5566,Nordrhein-Westfalen,"Steinfurt, Kreis","Emsland, Landkreis","Osnabrück, kreisfreie Stadt","Osnabrück, kreisfreie Stadt","Warendorf, Kreis","Münster, kreisfreie Stadt","Coesfeld, Kreis","Borken, Kreis","Grafschaft Bentheim, Landkreis",,,,
5554,Nordrhein-Westfalen,"Borken, Kreis","Grafschaft Bentheim, Landkreis","Steinfurt, Kreis","Coesfeld, Kreis","Recklinghausen, Kreis","Wesel, Kreis","Kleve, Kreis",,,,,,
5558,Nordrhein-Westfalen,"Coesfeld, Kreis","Steinfurt, Kreis","Münster, kreisfreie Stadt","Warendorf, Kreis","Hamm, kreisfreie Stadt","Unna, Kreis","Recklinghausen, Kreis","Borken, Kreis",,,,,
5515,Nordrhein-Westfalen,"Münster, kreisfreie Stadt","Steinfurt, Kreis","Warendorf, Kreis","Coesfeld, Kreis",,,,,,,,,
5562,Nordrhein-Westfalen,"Recklinghausen, Kreis","Coesfeld, Kreis","Unna, Kreis","Dortmund, kreisfreie Stadt","Bochum, kreisfreie Stadt","Herne, kreisfreie Stadt","Gelsenkirchen, kreisfreie Stadt","Essen, kreisfreie Stadt","Bottrop, kreisfreie Stadt","Wesel, Kreis","Borken, Kreis",,
5512,Nordrhein-Westfalen,"Bottrop, kreisfreie Stadt","Recklinghausen, Kreis","Essen, kreisfreie Stadt","Oberhausen, kreisfreie Stadt","Wesel, Kreis",,,,,,,,
5513,Nordrhein-Westfalen,"Gelsenkirchen, kreisfreie Stadt","Recklinghausen, Kreis","Herne, kreisfreie Stadt","Bochum, kreisfreie Stadt","Essen, kreisfreie Stadt",,,,,,,,
5570,Nordrhein-Westfalen,"Warendorf, Kreis","Osnabrück, kreisfreie Stadt","Gütersloh, Kreis","Soest, Kreis","Hamm, kreisfreie Stadt","Coesfeld, Kreis","Münster, kreisfreie Stadt","Steinfurt, Kreis",,,,,
5770,Nordrhein-Westfalen,"Minden-Lübbecke, Kreis","Diepholz, Landkreis","Nienburg (Weser), Landkreis","Schaumburg, Landkreis","Lippe, Kreis","Herford, Kreis","Osnabrück, kreisfreie Stadt",,,,,,
5758,Nordrhein-Westfalen,"Herford, Kreis","Minden-Lübbecke, Kreis","Lippe, Kreis","Bielefeld, kreisfreie Stadt","Gütersloh, Kreis","Osnabrück, kreisfreie Stadt",,,,,,,
5711,Nordrhein-Westfalen,"Bielefeld, kreisfreie Stadt","Herford, Kreis","Lippe, Kreis","Gütersloh, Kreis",,,,,,,,,
5766,Nordrhein-Westfalen,"Lippe, Kreis","Minden-Lübbecke, Kreis","Schaumburg, Landkreis","Hameln-Pyrmont, Landkreis","Holzminden, Landkreis","Höxter, Kreis","Paderborn, Kreis","Gütersloh, Kreis","Bielefeld, kreisfreie Stadt","Herford, Kreis",,,
5754,Nordrhein-Westfalen,"Gütersloh, Kreis","Osnabrück, kreisfreie Stadt","Herford, Kreis","Bielefeld, kreisfreie Stadt","Lippe, Kreis","Paderborn, Kreis","Soest, Kreis","Warendorf, Kreis",,,,,
5774,Nordrhein-Westfalen,"Paderborn, Kreis","Lippe, Kreis","Höxter, Kreis",Hochsauerlandkreis,"Soest, Kreis","Gütersloh, Kreis",,,,,,,
5762,Nordrhein-Westfalen,"Höxter, Kreis","Lippe, Kreis","Holzminden, Landkreis","Northeim, Landkreis","Kassel, Landkreis","Waldeck-Frankenberg, Landkreis",Hochsauerlandkreis,"Paderborn, Kreis",,,,,
5154,Nordrhein-Westfalen,"Kleve, Kreis","Borken, Kreis","Wesel, Kreis","Viersen, Kreis",,,,,,,,,
5170,Nordrhein-Westfalen,"Wesel, Kreis","Borken, Kreis","Recklinghausen, Kreis","Bottrop, kreisfreie Stadt","Oberhausen, kreisfreie Stadt","Duisburg, kreisfreie Stadt","Krefeld, kreisfreie Stadt","Viersen, Kreis","Kleve, Kreis",,,,
5119,Nordrhein-Westfalen,"Oberhausen, kreisfreie Stadt","Wesel, Kreis","Bottrop, kreisfreie Stadt","Essen, kreisfreie Stadt","Mülheim an der Ruhr, kreisfreie Stadt","Duisburg, kreisfreie Stadt",,,,,,,
5166,Nordrhein-Westfalen,"Viersen, Kreis","Kleve, Kreis","Wesel, Kreis","Krefeld, kreisfreie Stadt",Rhein-Kreis Neuss,"Mönchengladbach, kreisfreie Stadt","Heinsberg, Kreis",,,,,,
5114,Nordrhein-Westfalen,"Krefeld, kreisfreie Stadt","Wesel, Kreis","Duisburg, kreisfreie Stadt",Rhein-Kreis Neuss,"Viersen, Kreis",,,,,,,,
5112,Nordrhein-Westfalen,"Duisburg, kreisfreie Stadt","Wesel, Kreis","Oberhausen, kreisfreie Stadt","Mülheim an der Ruhr, kreisfreie Stadt","Mettmann, Kreis","Düsseldorf, kreisfreie Stadt",Rhein-Kreis Neuss,"Krefeld, kreisfreie Stadt",,,,,
5117,Nordrhein-Westfalen,"Mülheim an der Ruhr, kreisfreie Stadt","Oberhausen, kreisfreie Stadt","Essen, kreisfreie Stadt","Mettmann, Kreis","Duisburg, kreisfreie Stadt",,,,,,,,
5113,Nordrhein-Westfalen,"Essen, kreisfreie Stadt","Recklinghausen, Kreis","Gelsenkirchen, kreisfreie Stadt","Bochum, kreisfreie Stadt",Ennepe-Ruhr-Kreis,"Mettmann, Kreis","Mülheim an der Ruhr, kreisfreie Stadt","Oberhausen, kreisfreie Stadt","Bottrop, kreisfreie Stadt",,,,
5116,Nordrhein-Westfalen,"Mönchengladbach, kreisfreie Stadt","Viersen, Kreis",Rhein-Kreis Neuss,"Heinsberg, Kreis",,,,,,,,,
5162,Nordrhein-Westfalen,Rhein-Kreis Neuss,"Krefeld, kreisfreie Stadt","Duisburg, kreisfreie Stadt","Düsseldorf, kreisfreie Stadt","Mettmann, Kreis","Köln, kreisfreie Stadt",Rhein-Erft-Kreis,"Düren, Kreis","Heinsberg, Kreis","Mönchengladbach, kreisfreie Stadt","Viersen, Kreis",,
5111,Nordrhein-Westfalen,"Düsseldorf, kreisfreie Stadt","Duisburg, kreisfreie Stadt","Mettmann, Kreis",Rhein-Kreis Neuss,,,,,,,,,
5158,Nordrhein-Westfalen,"Mettmann, Kreis","Duisburg, kreisfreie Stadt","Mülheim an der Ruhr, kreisfreie Stadt","Essen, kreisfreie Stadt",Ennepe-Ruhr-Kreis,"Wuppertal, kreisfreie Stadt","Solingen, kreisfreie Stadt",Rheinisch-Bergischer Kreis,"Leverkusen, kreisfreie Stadt","Köln, kreisfreie Stadt",Rhein-Kreis Neuss,"Düsseldorf, kreisfreie Stadt",
5124,Nordrhein-Westfalen,"Wuppertal, kreisfreie Stadt",Ennepe-Ruhr-Kreis,Oberbergischer Kreis,"Remscheid, kreisfreie Stadt","Solingen, kreisfreie Stadt","Wuppertal, kreisfreie Stadt","Mettmann, Kreis",,,,,,
5122,Nordrhein-Westfalen,"Solingen, kreisfreie Stadt","Mettmann, Kreis","Wuppertal, kreisfreie Stadt","Remscheid, kreisfreie Stadt",Rheinisch-Bergischer Kreis,,,,,,,,
5120,Nordrhein-Westfalen,"Remscheid, kreisfreie Stadt","Wuppertal, kreisfreie Stadt",Oberbergischer Kreis,Rheinisch-Bergischer Kreis,"Solingen, kreisfreie Stadt",,,,,,,,
5916,Nordrhein-Westfalen,"Herne, kreisfreie Stadt","Recklinghausen, Kreis","Bochum, kreisfreie Stadt","Gelsenkirchen, kreisfreie Stadt",,,,,,,,,
5913,Nordrhein-Westfalen,"Dortmund, kreisfreie Stadt","Recklinghausen, Kreis","Unna, Kreis","Hagen, kreisfreie Stadt",Ennepe-Ruhr-Kreis,"Bochum, kreisfreie Stadt",,,,,,,
5978,Nordrhein-Westfalen,"Unna, Kreis","Coesfeld, Kreis","Hamm, kreisfreie Stadt","Soest, Kreis",Märkischer Kreis,"Hagen, kreisfreie Stadt","Dortmund, kreisfreie Stadt","Recklinghausen, Kreis",,,,,
5915,Nordrhein-Westfalen,"Hamm, kreisfreie Stadt","Warendorf, Kreis","Soest, Kreis","Unna, Kreis","Coesfeld, Kreis",,,,,,,,
5974,Nordrhein-Westfalen,"Soest, Kreis","Warendorf, Kreis","Gütersloh, Kreis","Paderborn, Kreis",Hochsauerlandkreis,Märkischer Kreis,"Unna, Kreis","Hamm, kreisfreie Stadt",,,,,
5911,Nordrhein-Westfalen,"Bochum, kreisfreie Stadt","Herne, kreisfreie Stadt","Recklinghausen, Kreis","Dortmund, kreisfreie Stadt",Ennepe-Ruhr-Kreis,"Essen, kreisfreie Stadt","Gelsenkirchen, kreisfreie Stadt",,,,,,
5954,Nordrhein-Westfalen,Ennepe-Ruhr-Kreis,"Bochum, kreisfreie Stadt","Dortmund, kreisfreie Stadt","Hagen, kreisfreie Stadt",Märkischer Kreis,Oberbergischer Kreis,"Wuppertal, kreisfreie Stadt","Mettmann, Kreis","Essen, kreisfreie Stadt",,,,
5914,Nordrhein-Westfalen,"Hagen, kreisfreie Stadt","Dortmund, kreisfreie Stadt","Unna, Kreis",Märkischer Kreis,Ennepe-Ruhr-Kreis,,,,,,,,
5962,Nordrhein-Westfalen,Märkischer Kreis,"Unna, Kreis","Soest, Kreis",Hochsauerlandkreis,"Olpe, Kreis",Oberbergischer Kreis,Ennepe-Ruhr-Kreis,"Hagen, kreisfreie Stadt",,,,,
5958,Nordrhein-Westfalen,Hochsauerlandkreis,"Soest, Kreis","Paderborn, Kreis","Höxter, Kreis","Waldeck-Frankenberg, Landkreis","Siegen-Wittgenstein, Kreis","Olpe, Kreis",Märkischer Kreis,,,,,
5966,Nordrhein-Westfalen,"Olpe, Kreis",Hochsauerlandkreis,"Siegen-Wittgenstein, Kreis","Altenkirchen (Westerwald), Landkreis",Oberbergischer Kreis,Märkischer Kreis,,,,,,,
5970,Nordrhein-Westfalen,"Siegen-Wittgenstein, Kreis","Olpe, Kreis",Hochsauerlandkreis,"Waldeck-Frankenberg, Landkreis","Marburg-Biedenkopf, Landkreis",Lahn-Dill-Kreis,Westerwaldkreis,"Altenkirchen (Westerwald), Landkreis",,,,,
5370,Nordrhein-Westfalen,"Heinsberg, Kreis","Viersen, Kreis","Mönchengladbach, kreisfreie Stadt",Rhein-Kreis Neuss,"Düren, Kreis","Städteregion Aachen, Kreis",,,,,,,
5358,Nordrhein-Westfalen,"Düren, Kreis","Heinsberg, Kreis",Rhein-Kreis Neuss,Rhein-Erft-Kreis,"Euskirchen, Kreis","Städteregion Aachen, Kreis",,,,,,,
5334,Nordrhein-Westfalen,"Städteregion Aachen, Kreis","Heinsberg, Kreis","Düren, Kreis","Euskirchen, Kreis",,,,,,,,,
5366,Nordrhein-Westfalen,"Euskirchen, Kreis","Düren, Kreis",Rhein-Erft-Kreis,Rhein-Sieg-Kreis,"Ahrweiler, Landkreis","Vulkaneifel, Landkreis",Eifelkreis Bitburg-Prüm,"Städteregion Aachen, Kreis",,,,,
5314,Nordrhein-Westfalen,"Bonn, kreisfreie Stadt",Rhein-Sieg-Kreis,"Ahrweiler, Landkreis",,,,,,,,,,
5362,Nordrhein-Westfalen,Rhein-Erft-Kreis,Rhein-Kreis Neuss,"Köln, kreisfreie Stadt",Rhein-Sieg-Kreis,"Euskirchen, Kreis","Düren, Kreis",,,,,,,
5315,Nordrhein-Westfalen,"Köln, kreisfreie Stadt",Rhein-Kreis Neuss,"Mettmann, Kreis","Leverkusen, kreisfreie Stadt",Rheinisch-Bergischer Kreis,Rhein-Sieg-Kreis,Rhein-Erft-Kreis,,,,,,
5316,Nordrhein-Westfalen,"Leverkusen, kreisfreie Stadt","Mettmann, Kreis",Rheinisch-Bergischer Kreis,"Köln, kreisfreie Stadt",,,,,,,,,
5378,Nordrhein-Westfalen,Rheinisch-Bergischer Kreis,"Solingen, kreisfreie Stadt","Remscheid, kreisfreie Stadt",Oberbergischer Kreis,Rhein-Sieg-Kreis,"Köln, kreisfreie Stadt","Leverkusen, kreisfreie Stadt","Mettmann, Kreis",,,,,
5382,Nordrhein-Westfalen,Rhein-Sieg-Kreis,Rheinisch-Bergischer Kreis,Oberbergischer Kreis,"Altenkirchen (Westerwald), Landkreis","Neuwied, Landkreis","Ahrweiler, Landkreis","Euskirchen, Kreis",Rhein-Erft-Kreis,"Köln, kreisfreie Stadt","Bonn, kreisfreie Stadt",,,
5374,Nordrhein-Westfalen,Oberbergischer Kreis,Ennepe-Ruhr-Kreis,Märkischer Kreis,"Olpe, Kreis","Altenkirchen (Westerwald), Landkreis",Rhein-Sieg-Kreis,Rheinisch-Bergischer Kreis,"Remscheid, kreisfreie Stadt","Wuppertal, kreisfreie Stadt",,,,
12070,Brandenburg,"Prignitz, Landkreis","Ludwigslust-Parchim, Landkreis","Ostprignitz-Ruppin, Landkreis","Stendal, Kreis","Lüchow-Dannenberg, Landkreis",,,,,,,,
12068,Brandenburg,"Ostprignitz-Ruppin, Landkreis","Mecklenburgische Seenplatte, Landkreis","Oberhavel, Landkreis","Havelland, Landkreis","Stendal, Kreis","Prignitz, Landkreis",,,,,,,
12065,Brandenburg,"Oberhavel, Landkreis","Mecklenburgische Seenplatte, Landkreis","Uckermark, Landkreis","Barnim, Landkreis",Berlin,"Havelland, Landkreis","Ostprignitz-Ruppin, Landkreis",,,,,,
12073,Brandenburg,"Uckermark, Landkreis","Vorpommern-Greifswald, Landkreis","Barnim, Landkreis","Oberhavel, Landkreis","Mecklenburgische Seenplatte, Landkreis",,,,,,,,
12060,Brandenburg,"Barnim, Landkreis","Uckermark, Landkreis","Märkisch-Oderland, Landkreis",Berlin,"Oberhavel, Landkreis",,,,,,,,
12064,Brandenburg,"Märkisch-Oderland, Landkreis","Barnim, Landkreis","Frankfurt (Oder), kreisfreie Stadt","Oder-Spree, Landkreis",Berlin,,,,,,,,
12053,Brandenburg,"Frankfurt (Oder), kreisfreie Stadt","Märkisch-Oderland, Landkreis","Oder-Spree, Landkreis",,,,,,,,,,
12067,Brandenburg,"Oder-Spree, Landkreis","Märkisch-Oderland, Landkreis","Frankfurt (Oder), kreisfreie Stadt","Spree-Neiße, Landkreis","Dahme-Spreewald, Landkreis",Berlin,,,,,,,
12061,Brandenburg,"Dahme-Spreewald, Landkreis",Berlin,"Oder-Spree, Landkreis","Spree-Neiße, Landkreis","Oberspreewald-Lausitz, Landkreis","Elbe-Elster, Landkreis","Teltow-Fläming, Landkreis",,,,,,
12072,Brandenburg,"Teltow-Fläming, Landkreis",Berlin,"Dahme-Spreewald, Landkreis","Elbe-Elster, Landkreis","Wittenberg, Kreis","Potsdam-Mittelmark, Landkreis",,,,,,,
12069,Brandenburg,"Potsdam-Mittelmark, Landkreis","Havelland, Landkreis","Potsdam, kreisfreie Stadt",Berlin,"Teltow-Fläming, Landkreis","Wittenberg, Kreis","Anhalt-Bitterfeld, Landkreis","Jerichower Land, Kreis","Brandenburg an der Havel, kreisfreie Stadt",,,,
12054,Brandenburg,"Potsdam, kreisfreie Stadt","Havelland, Landkreis",Berlin,"Potsdam-Mittelmark, Landkreis",,,,,,,,,
12051,Brandenburg,"Brandenburg an der Havel, kreisfreie Stadt","Havelland, Landkreis","Potsdam-Mittelmark, Landkreis",,,,,,,,,,
12063,Brandenburg,"Havelland, Landkreis","Ostprignitz-Ruppin, Landkreis","Oberhavel, Landkreis",Berlin,"Potsdam, kreisfreie Stadt","Potsdam-Mittelmark, Landkreis","Brandenburg an der Havel, kreisfreie Stadt","Jerichower Land, Kreis","Stendal, Kreis",,,,
12052,Brandenburg,"Cottbus, kreisfreie Stadt","Spree-Neiße, Landkreis",,,,,,,,,,,
12071,Brandenburg,"Spree-Neiße, Landkreis","Oder-Spree, Landkreis","Görlitz, kreisfreie Stadt","Bautzen, Landkreis","Oberspreewald-Lausitz, Landkreis","Dahme-Spreewald, Landkreis","Cottbus, kreisfreie Stadt",,,,,,
12066,Brandenburg,"Oberspreewald-Lausitz, Landkreis","Dahme-Spreewald, Landkreis","Spree-Neiße, Landkreis","Bautzen, Landkreis","Meißen, Landkreis","Elbe-Elster, Landkreis",,,,,,,
12062,Brandenburg,"Elbe-Elster, Landkreis","Teltow-Fläming, Landkreis","Dahme-Spreewald, Landkreis","Oberspreewald-Lausitz, Landkreis","Meißen, Landkreis","Nordsachsen, Landkreis","Wittenberg, Kreis",,,,,,
14730,Sachsen,"Nordsachsen, Landkreis","Wittenberg, Kreis","Elbe-Elster, Landkreis","Meißen, Landkreis","Mittelsachsen, Landkreis","Leipzig, kreisfreie Stadt","Leipzig, kreisfreie Stadt",Saalekreis,"Anhalt-Bitterfeld, Landkreis",,,,
14365,Sachsen,"Leipzig, kreisfreie Stadt","Nordsachsen, Landkreis","Leipzig, kreisfreie Stadt",,,,,,,,,,
14280,Sachsen,"Meißen, Landkreis","Elbe-Elster, Landkreis","Oberspreewald-Lausitz, Landkreis","Bautzen, Landkreis","Dresden, kreisfreie Stadt","Sächsische Schweiz-Osterzgebirge, Landkreis","Mittelsachsen, Landkreis","Nordsachsen, Landkreis",,,,,
14272,Sachsen,"Bautzen, Landkreis","Oberspreewald-Lausitz, Landkreis","Spree-Neiße, Landkreis","Görlitz, kreisfreie Stadt","Sächsische Schweiz-Osterzgebirge, Landkreis","Dresden, kreisfreie Stadt","Meißen, Landkreis",,,,,,
14263,Sachsen,"Görlitz, kreisfreie Stadt","Spree-Neiße, Landkreis","Bautzen, Landkreis",,,,,,,,,,
14262,Sachsen,"Dresden, kreisfreie Stadt","Meißen, Landkreis","Bautzen, Landkreis","Sächsische Schweiz-Osterzgebirge, Landkreis",,,,,,,,,
14628,Sachsen,"Sächsische Schweiz-Osterzgebirge, Landkreis","Meißen, Landkreis","Dresden, kreisfreie Stadt","Bautzen, Landkreis","Mittelsachsen, Landkreis",,,,,,,,
14365,Sachsen,"Leipzig, kreisfreie Stadt","Leipzig, kreisfreie Stadt","Nordsachsen, Landkreis","Mittelsachsen, Landkreis","Altenburger Land, Landkreis",Burgenlandkreis,Saalekreis,,,,,,
14522,Sachsen,"Mittelsachsen, Landkreis","Leipzig, kreisfreie Stadt","Nordsachsen, Landkreis","Meißen, Landkreis","Sächsische Schweiz-Osterzgebirge, Landkreis",Erzgebirgskreis,"Chemnitz, kreisfreie Stadt","Zwickau, kreisfreie Stadt","Altenburger Land, Landkreis",,,,
14161,Sachsen,"Chemnitz, kreisfreie Stadt","Mittelsachsen, Landkreis",Erzgebirgskreis,"Zwickau, kreisfreie Stadt",,,,,,,,,
14167,Sachsen,"Zwickau, kreisfreie Stadt","Altenburger Land, Landkreis","Mittelsachsen, Landkreis","Chemnitz, kreisfreie Stadt",Erzgebirgskreis,Vogtlandkreis,"Greiz, Landkreis",,,,,,
14521,Sachsen,Erzgebirgskreis,"Chemnitz, kreisfreie Stadt","Mittelsachsen, Landkreis",Vogtlandkreis,"Zwickau, kreisfreie Stadt",,,,,,,,
14178,Sachsen,Vogtlandkreis,"Greiz, Landkreis","Zwickau, kreisfreie Stadt",Erzgebirgskreis,"Hof, kreisfreie Stadt",Saale-Orla-Kreis,,,,,,,
15370,Sachsen-Anhalt,"Altmarkkreis Salzwedel, Kreis","Lüchow-Dannenberg, Landkreis","Stendal, Kreis","Börde, Landkreis","Gifhorn, Landkreis","Uelzen, Landkreis",,,,,,,
15363,Sachsen-Anhalt,"Stendal, Kreis","Prignitz, Landkreis","Ostprignitz-Ruppin, Landkreis","Havelland, Landkreis","Jerichower Land, Kreis","Börde, Landkreis","Altmarkkreis Salzwedel, Kreis","Lüchow-Dannenberg, Landkreis",,,,,
15083,Sachsen-Anhalt,"Börde, Landkreis","Altmarkkreis Salzwedel, Kreis","Stendal, Kreis","Jerichower Land, Kreis","Magdeburg, kreisfreie Stadt",Salzlandkreis,"Harz, Landkreis","Helmstedt, Landkreis","Gifhorn, Landkreis",,,,
15303,Sachsen-Anhalt,"Magdeburg, kreisfreie Stadt","Börde, Landkreis","Jerichower Land, Kreis",Salzlandkreis,,,,,,,,,
15085,Sachsen-Anhalt,"Harz, Landkreis","Helmstedt, Landkreis","Börde, Landkreis",Salzlandkreis,"Mansfeld-Südharz, Landkreis","Nordhausen, Landkreis","Goslar, Landkreis","Wolfenbüttel, Landkreis",,,,,
15089,Sachsen-Anhalt,Salzlandkreis,"Magdeburg, kreisfreie Stadt","Jerichower Land, Kreis","Anhalt-Bitterfeld, Landkreis",Saalekreis,"Mansfeld-Südharz, Landkreis","Harz, Landkreis","Börde, Landkreis",,,,,
15358,Sachsen-Anhalt,"Jerichower Land, Kreis","Stendal, Kreis","Havelland, Landkreis","Potsdam-Mittelmark, Landkreis","Anhalt-Bitterfeld, Landkreis",Salzlandkreis,"Magdeburg, kreisfreie Stadt","Börde, Landkreis",,,,,
15082,Sachsen-Anhalt,"Anhalt-Bitterfeld, Landkreis","Jerichower Land, Kreis","Potsdam-Mittelmark, Landkreis","Wittenberg, Kreis","Dessau-Roßlau, kreisfreie Stadt","Nordsachsen, Landkreis",Saalekreis,Salzlandkreis,,,,,
15171,Sachsen-Anhalt,"Wittenberg, Kreis","Potsdam-Mittelmark, Landkreis","Teltow-Fläming, Landkreis","Elbe-Elster, Landkreis","Nordsachsen, Landkreis","Anhalt-Bitterfeld, Landkreis","Dessau-Roßlau, kreisfreie Stadt",,,,,,
15001,Sachsen-Anhalt,"Dessau-Roßlau, kreisfreie Stadt","Wittenberg, Kreis","Anhalt-Bitterfeld, Landkreis",,,,,,,,,,
15088,Sachsen-Anhalt,Saalekreis,"Anhalt-Bitterfeld, Landkreis","Nordsachsen, Landkreis","Leipzig, kreisfreie Stadt",Burgenlandkreis,Kyffhäuserkreis,"Mansfeld-Südharz, Landkreis",Salzlandkreis,"Halle (Saale), kreisfreie Stadt",,,,
15002,Sachsen-Anhalt,"Halle (Saale), kreisfreie Stadt",Saalekreis,,,,,,,,,,,
15087,Sachsen-Anhalt,"Mansfeld-Südharz, Landkreis",Salzlandkreis,Saalekreis,Kyffhäuserkreis,"Nordhausen, Landkreis","Harz, Landkreis",,,,,,,
15084,Sachsen-Anhalt,Burgenlandkreis,Saalekreis,"Leipzig, kreisfreie Stadt","Altenburger Land, Landkreis","Greiz, Landkreis","Gera, kreisfreie Stadt",Saale-Holzland-Kreis,"Weimarer Land, Landkreis","Sömmerda, Landkreis",Kyffhäuserkreis,,,
16061,Thüringen,"Eichsfeld, Landkreis","Göttingen, Landkreis","Nordhausen, Landkreis",Kyffhäuserkreis,Unstrut-Hainich-Kreis,Werra-Meißner-Kreis,,,,,,,
16062,Thüringen,"Nordhausen, Landkreis","Harz, Landkreis","Mansfeld-Südharz, Landkreis",Kyffhäuserkreis,"Eichsfeld, Landkreis","Göttingen, Landkreis","Goslar, Landkreis",,,,,,
16065,Thüringen,Kyffhäuserkreis,"Nordhausen, Landkreis","Mansfeld-Südharz, Landkreis",Saalekreis,Burgenlandkreis,"Sömmerda, Landkreis",Unstrut-Hainich-Kreis,"Eichsfeld, Landkreis",,,,,
16064,Thüringen,Unstrut-Hainich-Kreis,"Eichsfeld, Landkreis",Kyffhäuserkreis,"Sömmerda, Landkreis","Gotha, Landkreis",Wartburgkreis,Werra-Meißner-Kreis,,,,,,
16068,Thüringen,"Sömmerda, Landkreis",Kyffhäuserkreis,Burgenlandkreis,"Weimarer Land, Landkreis","Erfurt, kreisfreie Stadt","Gotha, Landkreis",Unstrut-Hainich-Kreis,,,,,,
16063,Thüringen,Wartburgkreis,Unstrut-Hainich-Kreis,"Gotha, Landkreis","Schmalkalden-Meiningen, Landkreis","Fulda, Landkreis","Hersfeld-Rotenburg, Landkreis",Werra-Meißner-Kreis,,,,,,
16067,Thüringen,"Gotha, Landkreis",Unstrut-Hainich-Kreis,"Sömmerda, Landkreis","Erfurt, kreisfreie Stadt",Ilm-Kreis,"Schmalkalden-Meiningen, Landkreis",Wartburgkreis,,,,,,
16051,Thüringen,"Erfurt, kreisfreie Stadt","Sömmerda, Landkreis","Weimarer Land, Landkreis",Ilm-Kreis,"Gotha, Landkreis",,,,,,,,
16055,Thüringen,"Weimar, kreisfreie Stadt","Weimarer Land, Landkreis",,,,,,,,,,,
16071,Thüringen,"Weimarer Land, Landkreis","Sömmerda, Landkreis",Burgenlandkreis,Saale-Holzland-Kreis,"Jena, kreisfreie Stadt","Saalfeld-Rudolstadt, Landkreis",Ilm-Kreis,"Erfurt, kreisfreie Stadt","Weimar, kreisfreie Stadt",,,,
16066,Thüringen,"Schmalkalden-Meiningen, Landkreis",Wartburgkreis,"Gotha, Landkreis",Ilm-Kreis,"Suhl, kreisfreie Stadt","Hildburghausen, Landkreis","Rhön-Grabfeld, Landkreis","Fulda, Landkreis",,,,,
16054,Thüringen,"Suhl, kreisfreie Stadt","Schmalkalden-Meiningen, Landkreis",Ilm-Kreis,"Hildburghausen, Landkreis",,,,,,,,,
16070,Thüringen,Ilm-Kreis,"Erfurt, kreisfreie Stadt","Weimarer Land, Landkreis","Saalfeld-Rudolstadt, Landkreis","Hildburghausen, Landkreis","Suhl, kreisfreie Stadt","Schmalkalden-Meiningen, Landkreis","Gotha, Landkreis",,,,,
16073,Thüringen,"Saalfeld-Rudolstadt, Landkreis","Weimarer Land, Landkreis",Saale-Holzland-Kreis,Saale-Orla-Kreis,"Kronach, Landkreis","Sonneberg, Landkreis","Hildburghausen, Landkreis",Ilm-Kreis,,,,,
16053,Thüringen,"Jena, kreisfreie Stadt","Weimarer Land, Landkreis",Saale-Holzland-Kreis,,,,,,,,,,
16074,Thüringen,Saale-Holzland-Kreis,Burgenlandkreis,"Gera, kreisfreie Stadt","Greiz, Landkreis",Saale-Orla-Kreis,"Saalfeld-Rudolstadt, Landkreis","Weimarer Land, Landkreis","Jena, kreisfreie Stadt",,,,,
16052,Thüringen,"Gera, kreisfreie Stadt",Burgenlandkreis,"Greiz, Landkreis",Saale-Holzland-Kreis,,,,,,,,,
16076,Thüringen,"Greiz, Landkreis","Gera, kreisfreie Stadt",Burgenlandkreis,"Altenburger Land, Landkreis","Zwickau, kreisfreie Stadt",Vogtlandkreis,Saale-Orla-Kreis,Saale-Holzland-Kreis,,,,,
16077,Thüringen,"Altenburger Land, Landkreis","Leipzig, kreisfreie Stadt","Mittelsachsen, Landkreis","Zwickau, kreisfreie Stadt","Greiz, Landkreis",Burgenlandkreis,,,,,,,
16069,Thüringen,"Hildburghausen, Landkreis","Suhl, kreisfreie Stadt",Ilm-Kreis,"Saalfeld-Rudolstadt, Landkreis","Sonneberg, Landkreis","Coburg, kreisfreie Stadt","Haßberge, Landkreis","Rhön-Grabfeld, Landkreis","Schmalkalden-Meiningen, Landkreis",,,,
16072,Thüringen,"Sonneberg, Landkreis","Saalfeld-Rudolstadt, Landkreis","Kronach, Landkreis","Coburg, kreisfreie Stadt","Hildburghausen, Landkreis",,,,,,,,
16075,Thüringen,Saale-Orla-Kreis,Saale-Holzland-Kreis,"Greiz, Landkreis",Vogtlandkreis,"Hof, kreisfreie Stadt","Kronach, Landkreis","Saalfeld-Rudolstadt, Landkreis",,,,,,
6633,Hessen,"Kassel, Landkreis","Northeim, Landkreis","Göttingen, Landkreis","Kassel, Landkreis",Werra-Meißner-Kreis,Schwalm-Eder-Kreis,"Waldeck-Frankenberg, Landkreis","Höxter, Kreis",,,,,
6633,Hessen,"Kassel, Landkreis","Kassel, Landkreis","Göttingen, Landkreis",,,,,,,,,,
6635,Hessen,"Waldeck-Frankenberg, Landkreis",Hochsauerlandkreis,"Höxter, Kreis","Kassel, Landkreis",Schwalm-Eder-Kreis,"Marburg-Biedenkopf, Landkreis","Siegen-Wittgenstein, Kreis",,,,,,
6634,Hessen,Schwalm-Eder-Kreis,"Kassel, Landkreis",Werra-Meißner-Kreis,"Hersfeld-Rotenburg, Landkreis",Vogelsbergkreis,"Marburg-Biedenkopf, Landkreis","Waldeck-Frankenberg, Landkreis",,,,,,
6636,Hessen,Werra-Meißner-Kreis,"Göttingen, Landkreis","Eichsfeld, Landkreis",Unstrut-Hainich-Kreis,Wartburgkreis,"Hersfeld-Rotenburg, Landkreis",Schwalm-Eder-Kreis,"Kassel, Landkreis",,,,,
6632,Hessen,"Hersfeld-Rotenburg, Landkreis",Werra-Meißner-Kreis,Wartburgkreis,"Fulda, Landkreis",Vogelsbergkreis,Schwalm-Eder-Kreis,,,,,,,
6631,Hessen,"Fulda, Landkreis","Hersfeld-Rotenburg, Landkreis",Wartburgkreis,"Schmalkalden-Meiningen, Landkreis","Rhön-Grabfeld, Landkreis","Bad Kissingen, Landkreis",Main-Kinzig-Kreis,Vogelsbergkreis,,,,,
6534,Hessen,"Marburg-Biedenkopf, Landkreis","Waldeck-Frankenberg, Landkreis",Schwalm-Eder-Kreis,Vogelsbergkreis,"Gießen, Landkreis",Lahn-Dill-Kreis,"Siegen-Wittgenstein, Kreis",,,,,,
6532,Hessen,Lahn-Dill-Kreis,"Siegen-Wittgenstein, Kreis","Marburg-Biedenkopf, Landkreis","Gießen, Landkreis",Wetteraukreis,Hochtaunuskreis,"Limburg-Weilburg, Landkreis",Westerwaldkreis,,,,,
6533,Hessen,"Limburg-Weilburg, Landkreis",Lahn-Dill-Kreis,Hochtaunuskreis,Rheingau-Taunus-Kreis,Rhein-Lahn-Kreis,Westerwaldkreis,,,,,,,
6531,Hessen,"Gießen, Landkreis","Marburg-Biedenkopf, Landkreis",Vogelsbergkreis,Wetteraukreis,Lahn-Dill-Kreis,,,,,,,,
6535,Hessen,Vogelsbergkreis,Schwalm-Eder-Kreis,"Hersfeld-Rotenburg, Landkreis","Fulda, Landkreis",Main-Kinzig-Kreis,Wetteraukreis,"Gießen, Landkreis","Marburg-Biedenkopf, Landkreis",,,,,
6439,Hessen,Rheingau-Taunus-Kreis,Rhein-Lahn-Kreis,"Limburg-Weilburg, Landkreis",Hochtaunuskreis,Main-Taunus-Kreis,"Wiesbaden, kreisfreie Stadt, Landeshauptstadt","Mainz-Bingen, Landkreis",,,,,,
6434,Hessen,Hochtaunuskreis,Lahn-Dill-Kreis,Wetteraukreis,"Frankfurt am Main, kreisfreie Stadt",Main-Taunus-Kreis,Rheingau-Taunus-Kreis,"Limburg-Weilburg, Landkreis",,,,,,
6440,Hessen,Wetteraukreis,"Gießen, Landkreis",Vogelsbergkreis,Main-Kinzig-Kreis,"Frankfurt am Main, kreisfreie Stadt",Hochtaunuskreis,Lahn-Dill-Kreis,,,,,,
6435,Hessen,Main-Kinzig-Kreis,Wetteraukreis,Vogelsbergkreis,"Fulda, Landkreis","Bad Kissingen, Landkreis","Main-Spessart, Landkreis","Aschaffenburg, kreisfreie Stadt","Offenbach, Landkreis","Offenbach am Main, kreisfreie Stadt","Frankfurt am Main, kreisfreie Stadt",,,
6414,Hessen,"Wiesbaden, kreisfreie Stadt, Landeshauptstadt",Rheingau-Taunus-Kreis,Main-Taunus-Kreis,"Groß-Gerau, Landkreis","Mainz, kreisfreie Stadt","Mainz-Bingen, Landkreis",,,,,,,
6436,Hessen,Main-Taunus-Kreis,Hochtaunuskreis,"Frankfurt am Main, kreisfreie Stadt","Groß-Gerau, Landkreis","Wiesbaden, kreisfreie Stadt, Landeshauptstadt",Rheingau-Taunus-Kreis,,,,,,,
6412,Hessen,"Frankfurt am Main, kreisfreie Stadt",Hochtaunuskreis,Wetteraukreis,Main-Kinzig-Kreis,"Offenbach am Main, kreisfreie Stadt","Offenbach, Landkreis","Groß-Gerau, Landkreis",Main-Taunus-Kreis,,,,,
6413,Hessen,"Offenbach am Main, kreisfreie Stadt",Main-Kinzig-Kreis,"Offenbach, Landkreis","Frankfurt am Main, kreisfreie Stadt",,,,,,,,,
6433,Hessen,"Groß-Gerau, Landkreis","Wiesbaden, kreisfreie Stadt, Landeshauptstadt",Main-Taunus-Kreis,"Frankfurt am Main, kreisfreie Stadt","Offenbach, Landkreis","Darmstadt-Dieburg, Landkreis","Bergstraße, Landkreis","Alzey-Worms, Landkreis","Mainz-Bingen, Landkreis","Mainz, kreisfreie Stadt",,,
6438,Hessen,"Offenbach, Landkreis","Frankfurt am Main, kreisfreie Stadt","Offenbach am Main, kreisfreie Stadt",Main-Kinzig-Kreis,"Aschaffenburg, kreisfreie Stadt","Darmstadt-Dieburg, Landkreis","Darmstadt, kreisfreie Stadt, Wissenschaftsstadt","Groß-Gerau, Landkreis",,,,,
6411,Hessen,"Darmstadt, kreisfreie Stadt, Wissenschaftsstadt","Offenbach, Landkreis","Darmstadt-Dieburg, Landkreis",,,,,,,,,,
6432,Hessen,"Darmstadt-Dieburg, Landkreis","Offenbach, Landkreis","Darmstadt, kreisfreie Stadt, Wissenschaftsstadt","Aschaffenburg, kreisfreie Stadt","Miltenberg, Landkreis",Odenwaldkreis,"Bergstraße, Landkreis","Groß-Gerau, Landkreis",,,,,
6431,Hessen,"Bergstraße, Landkreis","Groß-Gerau, Landkreis","Darmstadt-Dieburg, Landkreis",Odenwaldkreis,"Rhein-Neckar-Kreis, Landkreis","Mannheim, Stadtkreis",Rhein-Pfalz-Kreis,"Worms, kreisfreie Stadt","Alzey-Worms, Landkreis",,,,
6437,Hessen,Odenwaldkreis,"Darmstadt-Dieburg, Landkreis","Miltenberg, Landkreis","Neckar-Odenwald-Kreis, Landkreis","Rhein-Neckar-Kreis, Landkreis","Bergstraße, Landkreis",,,,,,,
7132,Rheinland-Pfalz,"Altenkirchen (Westerwald), Landkreis",Oberbergischer Kreis,"Olpe, Kreis","Siegen-Wittgenstein, Kreis",Westerwaldkreis,"Neuwied, Landkreis",Rhein-Sieg-Kreis,,,,,,
7138,Rheinland-Pfalz,"Neuwied, Landkreis",Rhein-Sieg-Kreis,"Altenkirchen (Westerwald), Landkreis",Westerwaldkreis,"Mayen-Koblenz, Landkreis","Ahrweiler, Landkreis",,,,,,,
7131,Rheinland-Pfalz,"Ahrweiler, Landkreis","Euskirchen, Kreis",Rhein-Sieg-Kreis,"Bonn, kreisfreie Stadt","Neuwied, Landkreis","Mayen-Koblenz, Landkreis","Vulkaneifel, Landkreis",,,,,,
7233,Rheinland-Pfalz,"Vulkaneifel, Landkreis","Euskirchen, Kreis","Ahrweiler, Landkreis","Mayen-Koblenz, Landkreis","Cochem-Zell, Landkreis","Bernkastel-Wittlich, Landkreis",Eifelkreis Bitburg-Prüm,,,,,,
7232,Rheinland-Pfalz,Eifelkreis Bitburg-Prüm,"Euskirchen, Kreis","Vulkaneifel, Landkreis","Bernkastel-Wittlich, Landkreis","Trier-Saarburg, Landkreis",,,,,,,,
7211,Rheinland-Pfalz,"Trier, kreisfreie Stadt","Trier-Saarburg, Landkreis",,,,,,,,,,,
7231,Rheinland-Pfalz,"Bernkastel-Wittlich, Landkreis","Vulkaneifel, Landkreis","Cochem-Zell, Landkreis",Rhein-Hunsrück-Kreis,"Birkenfeld, Landkreis","Trier-Saarburg, Landkreis",Eifelkreis Bitburg-Prüm,,,,,,
7235,Rheinland-Pfalz,"Trier-Saarburg, Landkreis",Eifelkreis Bitburg-Prüm,"Bernkastel-Wittlich, Landkreis","Birkenfeld, Landkreis","St. Wendel, Landkreis","Merzig-Wadern, Landkreis","Trier, kreisfreie Stadt",,,,,,
7143,Rheinland-Pfalz,Westerwaldkreis,"Altenkirchen (Westerwald), Landkreis","Siegen-Wittgenstein, Kreis",Lahn-Dill-Kreis,"Limburg-Weilburg, Landkreis",Rhein-Lahn-Kreis,"Koblenz, kreisfreie Stadt","Mayen-Koblenz, Landkreis","Neuwied, Landkreis",,,,
7137,Rheinland-Pfalz,"Mayen-Koblenz, Landkreis","Ahrweiler, Landkreis","Neuwied, Landkreis",Westerwaldkreis,"Koblenz, kreisfreie Stadt",Rhein-Lahn-Kreis,Rhein-Hunsrück-Kreis,"Cochem-Zell, Landkreis","Vulkaneifel, Landkreis",,,,
7111,Rheinland-Pfalz,"Koblenz, kreisfreie Stadt","Mayen-Koblenz, Landkreis",Westerwaldkreis,Rhein-Lahn-Kreis,,,,,,,,,
7135,Rheinland-Pfalz,"Cochem-Zell, Landkreis","Mayen-Koblenz, Landkreis",Rhein-Hunsrück-Kreis,"Bernkastel-Wittlich, Landkreis","Vulkaneifel, Landkreis",,,,,,,,
7141,Rheinland-Pfalz,Rhein-Lahn-Kreis,Westerwaldkreis,"Limburg-Weilburg, Landkreis",Rheingau-Taunus-Kreis,"Mainz-Bingen, Landkreis",Rhein-Hunsrück-Kreis,"Mayen-Koblenz, Landkreis","Koblenz, kreisfreie Stadt",,,,,
7140,Rheinland-Pfalz,Rhein-Hunsrück-Kreis,"Mayen-Koblenz, Landkreis",Rhein-Lahn-Kreis,"Mainz-Bingen, Landkreis","Bad Kreuznach, Landkreis","Birkenfeld, Landkreis","Bernkastel-Wittlich, Landkreis","Cochem-Zell, Landkreis",,,,,
7133,Rheinland-Pfalz,"Bad Kreuznach, Landkreis",Rhein-Hunsrück-Kreis,"Mainz-Bingen, Landkreis","Alzey-Worms, Landkreis",Donnersbergkreis,"Kusel, Landkreis","Birkenfeld, Landkreis",,,,,,
7134,Rheinland-Pfalz,"Birkenfeld, Landkreis",Rhein-Hunsrück-Kreis,"Bad Kreuznach, Landkreis","Kusel, Landkreis","St. Wendel, Landkreis","Trier-Saarburg, Landkreis","Bernkastel-Wittlich, Landkreis",,,,,,
7336,Rheinland-Pfalz,"Kusel, Landkreis","Bad Kreuznach, Landkreis",Donnersbergkreis,"Kaiserslautern, kreisfreie Stadt",Saarpfalz-Kreis,"Neunkirchen, Landkreis","St. Wendel, Landkreis","Birkenfeld, Landkreis",,,,,
7315,Rheinland-Pfalz,"Mainz, kreisfreie Stadt","Mainz-Bingen, Landkreis","Wiesbaden, kreisfreie Stadt, Landeshauptstadt","Groß-Gerau, Landkreis",,,,,,,,,
7339,Rheinland-Pfalz,"Mainz-Bingen, Landkreis",Rheingau-Taunus-Kreis,"Wiesbaden, kreisfreie Stadt, Landeshauptstadt","Mainz, kreisfreie Stadt","Groß-Gerau, Landkreis","Alzey-Worms, Landkreis","Bad Kreuznach, Landkreis",Rhein-Hunsrück-Kreis,Rhein-Lahn-Kreis,,,,
7331,Rheinland-Pfalz,"Alzey-Worms, Landkreis","Mainz-Bingen, Landkreis","Groß-Gerau, Landkreis","Bergstraße, Landkreis","Worms, kreisfreie Stadt","Bad Dürkheim, Landkreis",Donnersbergkreis,"Bad Kreuznach, Landkreis",,,,,
7333,Rheinland-Pfalz,Donnersbergkreis,"Bad Kreuznach, Landkreis","Alzey-Worms, Landkreis","Bad Dürkheim, Landkreis","Kaiserslautern, kreisfreie Stadt","Kusel, Landkreis",,,,,,,
7319,Rheinland-Pfalz,"Worms, kreisfreie Stadt","Alzey-Worms, Landkreis","Bergstraße, Landkreis",Rhein-Pfalz-Kreis,"Bad Dürkheim, Landkreis",,,,,,,,
7311,Rheinland-Pfalz,"Frankenthal (Pfalz), kreisfreie Stadt",Rhein-Pfalz-Kreis,"Mannheim, Stadtkreis","Ludwigshafen am Rhein, kreisfreie Stadt",,,,,,,,,
7314,Rheinland-Pfalz,"Ludwigshafen am Rhein, kreisfreie Stadt",Rhein-Pfalz-Kreis,"Frankenthal (Pfalz), kreisfreie Stadt","Mannheim, Stadtkreis",,,,,,,,,
7318,Rheinland-Pfalz,"Speyer, kreisfreie Stadt",Rhein-Pfalz-Kreis,"Rhein-Neckar-Kreis, Landkreis","Karlsruhe, Landkreis",,,,,,,,,
7338,Rheinland-Pfalz,Rhein-Pfalz-Kreis,"Worms, kreisfreie Stadt","Bergstraße, Landkreis","Mannheim, Stadtkreis","Rhein-Neckar-Kreis, Landkreis","Karlsruhe, Landkreis","Germersheim, Landkreis","Südliche Weinstraße, Landkreis","Neustadt an der Weinstraße, kreisfreie Stadt","Bad Dürkheim, Landkreis","Frankenthal (Pfalz), kreisfreie Stadt","Ludwigshafen am Rhein, kreisfreie Stadt","Speyer, kreisfreie Stadt"
7312,Rheinland-Pfalz,"Kaiserslautern, kreisfreie Stadt","Kusel, Landkreis",Donnersbergkreis,"Bad Dürkheim, Landkreis","Südwestpfalz, Landkreis",Saarpfalz-Kreis,"Kaiserslautern, kreisfreie Stadt",,,,,,
7312,Rheinland-Pfalz,"Kaiserslautern, kreisfreie Stadt","Kaiserslautern, kreisfreie Stadt","Bad Dürkheim, Landkreis",,,,,,,,,,
7332,Rheinland-Pfalz,"Bad Dürkheim, Landkreis",Donnersbergkreis,"Alzey-Worms, Landkreis","Worms, kreisfreie Stadt",Rhein-Pfalz-Kreis,"Neustadt an der Weinstraße, kreisfreie Stadt","Südliche Weinstraße, Landkreis","Landau in der Pfalz, kreisfreie Stadt","Südwestpfalz, Landkreis","Kaiserslautern, kreisfreie Stadt","Kaiserslautern, kreisfreie Stadt",,
7320,Rheinland-Pfalz,"Zweibrücken, kreisfreie Stadt",Saarpfalz-Kreis,"Südwestpfalz, Landkreis",,,,,,,,,,
7317,Rheinland-Pfalz,"Pirmasens, kreisfreie Stadt","Südwestpfalz, Landkreis",,,,,,,,,,,
7340,Rheinland-Pfalz,"Südwestpfalz, Landkreis","Kaiserslautern, kreisfreie Stadt","Bad Dürkheim, Landkreis","Landau in der Pfalz, kreisfreie Stadt","Südliche Weinstraße, Landkreis",Saarpfalz-Kreis,"Zweibrücken, kreisfreie Stadt","Pirmasens, kreisfreie Stadt",,,,,
7313,Rheinland-Pfalz,"Landau in der Pfalz, kreisfreie Stadt","Südliche Weinstraße, Landkreis","Bad Dürkheim, Landkreis","Südwestpfalz, Landkreis",,,,,,,,,
7316,Rheinland-Pfalz,"Neustadt an der Weinstraße, kreisfreie Stadt","Bad Dürkheim, Landkreis",Rhein-Pfalz-Kreis,"Südliche Weinstraße, Landkreis",,,,,,,,,
7337,Rheinland-Pfalz,"Südliche Weinstraße, Landkreis","Landau in der Pfalz, kreisfreie Stadt","Bad Dürkheim, Landkreis","Neustadt an der Weinstraße, kreisfreie Stadt",Rhein-Pfalz-Kreis,"Germersheim, Landkreis","Südwestpfalz, Landkreis",,,,,,
7334,Rheinland-Pfalz,"Germersheim, Landkreis",Rhein-Pfalz-Kreis,"Karlsruhe, Landkreis","Karlsruhe, Landkreis","Rastatt, Landkreis","Südliche Weinstraße, Landkreis",,,,,,,
10042,Saarland,"Merzig-Wadern, Landkreis","Trier-Saarburg, Landkreis","St. Wendel, Landkreis","Saarlouis, Landkreis",,,,,,,,,
10046,Saarland,"St. Wendel, Landkreis","Trier-Saarburg, Landkreis","Birkenfeld, Landkreis","Kusel, Landkreis","Neunkirchen, Landkreis","Saarlouis, Landkreis","Merzig-Wadern, Landkreis",,,,,,
10044,Saarland,"Saarlouis, Landkreis","Merzig-Wadern, Landkreis","St. Wendel, Landkreis","Neunkirchen, Landkreis","Saarbrücken, Regionalverband",,,,,,,,
10041,Saarland,"Saarbrücken, Regionalverband","Saarlouis, Landkreis","Neunkirchen, Landkreis",Saarpfalz-Kreis,,,,,,,,,
10043,Saarland,"Neunkirchen, Landkreis","St. Wendel, Landkreis","Kusel, Landkreis",Saarpfalz-Kreis,"Saarbrücken, Regionalverband","Saarlouis, Landkreis",,,,,,,
10045,Saarland,Saarpfalz-Kreis,"Neunkirchen, Landkreis","Zweibrücken, kreisfreie Stadt","Südwestpfalz, Landkreis","Saarbrücken, Regionalverband",,"Kusel, Landkreis","Kaiserslautern, kreisfreie Stadt",,,,,
9673,Bayern,"Rhön-Grabfeld, Landkreis","Schmalkalden-Meiningen, Landkreis","Hildburghausen, Landkreis","Haßberge, Landkreis","Schweinfurt, kreisfreie Stadt","Bad Kissingen, Landkreis","Fulda, Landkreis",,,,,,
9672,Bayern,"Bad Kissingen, Landkreis","Fulda, Landkreis","Rhön-Grabfeld, Landkreis","Schweinfurt, kreisfreie Stadt","Main-Spessart, Landkreis",Main-Kinzig-Kreis,,,,,,,
9661,Bayern,"Aschaffenburg, kreisfreie Stadt",Main-Kinzig-Kreis,"Main-Spessart, Landkreis","Miltenberg, Landkreis","Aschaffenburg, kreisfreie Stadt","Darmstadt-Dieburg, Landkreis","Offenbach, Landkreis",,,,,,
9677,Bayern,"Main-Spessart, Landkreis",Main-Kinzig-Kreis,"Bad Kissingen, Landkreis","Schweinfurt, kreisfreie Stadt","Würzburg, kreisfreie Stadt","Main-Tauber-Kreis, Landkreis","Miltenberg, Landkreis","Aschaffenburg, kreisfreie Stadt",,,,,
9661,Bayern,"Aschaffenburg, kreisfreie Stadt","Aschaffenburg, kreisfreie Stadt","Miltenberg, Landkreis",,,,,,,,,,
9676,Bayern,"Miltenberg, Landkreis","Aschaffenburg, kreisfreie Stadt","Aschaffenburg, kreisfreie Stadt","Main-Spessart, Landkreis","Main-Tauber-Kreis, Landkreis","Neckar-Odenwald-Kreis, Landkreis",Odenwaldkreis,"Darmstadt-Dieburg, Landkreis",,,,,
9662,Bayern,"Schweinfurt, kreisfreie Stadt","Bad Kissingen, Landkreis","Rhön-Grabfeld, Landkreis","Haßberge, Landkreis","Bamberg, kreisfreie Stadt","Kitzingen, Landkreis","Würzburg, kreisfreie Stadt","Main-Spessart, Landkreis","Schweinfurt, kreisfreie Stadt",,,,
9662,Bayern,"Schweinfurt, kreisfreie Stadt","Schweinfurt, kreisfreie Stadt",,,,,,,,,,,
9674,Bayern,"Haßberge, Landkreis","Rhön-Grabfeld, Landkreis","Hildburghausen, Landkreis","Coburg, kreisfreie Stadt","Bamberg, kreisfreie Stadt","Schweinfurt, kreisfreie Stadt",,,,,,,
9663,Bayern,"Würzburg, kreisfreie Stadt","Main-Spessart, Landkreis","Schweinfurt, kreisfreie Stadt","Kitzingen, Landkreis","Neustadt a.d.Aisch-Bad Windsheim, Landkreis","Main-Tauber-Kreis, Landkreis","Würzburg, kreisfreie Stadt",,,,,,
9663,Bayern,"Würzburg, kreisfreie Stadt","Würzburg, kreisfreie Stadt",,,,,,,,,,,
9675,Bayern,"Kitzingen, Landkreis","Schweinfurt, kreisfreie Stadt","Bamberg, kreisfreie Stadt","Neustadt a.d.Aisch-Bad Windsheim, Landkreis","Würzburg, kreisfreie Stadt",,,,,,,,
9463,Bayern,"Coburg, kreisfreie Stadt","Hildburghausen, Landkreis","Sonneberg, Landkreis","Kronach, Landkreis","Lichtenfels, Landkreis","Bamberg, kreisfreie Stadt","Haßberge, Landkreis","Coburg, kreisfreie Stadt",,,,,
9463,Bayern,"Coburg, kreisfreie Stadt","Coburg, kreisfreie Stadt",,,,,,,,,,,
9476,Bayern,"Kronach, Landkreis","Saalfeld-Rudolstadt, Landkreis",Saale-Orla-Kreis,"Hof, kreisfreie Stadt","Kulmbach, Landkreis","Lichtenfels, Landkreis","Coburg, kreisfreie Stadt","Sonneberg, Landkreis",,,,,
9464,Bayern,"Hof, kreisfreie Stadt",Saale-Orla-Kreis,Vogtlandkreis,"Wunsiedel i.Fichtelgebirge, Landkreis","Bayreuth, kreisfreie Stadt","Kulmbach, Landkreis","Kronach, Landkreis","Hof, kreisfreie Stadt",,,,,
9464,Bayern,"Hof, kreisfreie Stadt","Hof, kreisfreie Stadt",,,,,,,,,,,
9478,Bayern,"Lichtenfels, Landkreis","Coburg, kreisfreie Stadt","Kronach, Landkreis","Kulmbach, Landkreis","Bayreuth, kreisfreie Stadt","Bamberg, kreisfreie Stadt",,,,,,,
9477,Bayern,"Kulmbach, Landkreis","Kronach, Landkreis","Hof, kreisfreie Stadt","Bayreuth, kreisfreie Stadt","Lichtenfels, Landkreis",,,,,,,,
9479,Bayern,"Wunsiedel i.Fichtelgebirge, Landkreis","Hof, kreisfreie Stadt","Tirschenreuth, Landkreis","Bayreuth, kreisfreie Stadt",,,,,,,,,
9461,Bayern,"Bamberg, kreisfreie Stadt","Coburg, kreisfreie Stadt","Lichtenfels, Landkreis","Bayreuth, kreisfreie Stadt","Forchheim, Landkreis","Erlangen-Höchstadt, Landkreis","Neustadt a.d.Aisch-Bad Windsheim, Landkreis","Kitzingen, Landkreis","Schweinfurt, kreisfreie Stadt","Haßberge, Landkreis","Bamberg, kreisfreie Stadt",,
9461,Bayern,"Bamberg, kreisfreie Stadt","Bamberg, kreisfreie Stadt",,,,,,,,,,,
9462,Bayern,"Bayreuth, kreisfreie Stadt","Lichtenfels, Landkreis","Kulmbach, Landkreis","Hof, kreisfreie Stadt","Wunsiedel i.Fichtelgebirge, Landkreis","Tirschenreuth, Landkreis","Neustadt a.d.Waldnaab, Landkreis","Amberg-Sulzbach, Landkreis","Nürnberger Land, Landkreis","Forchheim, Landkreis","Bamberg, kreisfreie Stadt","Bayreuth, kreisfreie Stadt",
9462,Bayern,"Bayreuth, kreisfreie Stadt","Bayreuth, kreisfreie Stadt",,,,,,,,,,,
9474,Bayern,"Forchheim, Landkreis","Bamberg, kreisfreie Stadt","Bayreuth, kreisfreie Stadt","Nürnberger Land, Landkreis","Erlangen-Höchstadt, Landkreis",,,,,,,,
9575,Bayern,"Neustadt a.d.Aisch-Bad Windsheim, Landkreis","Kitzingen, Landkreis","Bamberg, kreisfreie Stadt","Erlangen-Höchstadt, Landkreis","Fürth, kreisfreie Stadt","Ansbach, kreisfreie Stadt","Main-Tauber-Kreis, Landkreis","Würzburg, kreisfreie Stadt",,,,,
9572,Bayern,"Erlangen-Höchstadt, Landkreis","Bamberg, kreisfreie Stadt","Forchheim, Landkreis","Nürnberger Land, Landkreis","Nürnberg, kreisfreie Stadt","Fürth, kreisfreie Stadt","Neustadt a.d.Aisch-Bad Windsheim, Landkreis","Erlangen, kreisfreie Stadt",,,,,
9562,Bayern,"Erlangen, kreisfreie Stadt","Erlangen-Höchstadt, Landkreis","Fürth, kreisfreie Stadt","Fürth, kreisfreie Stadt","Nürnberg, kreisfreie Stadt",,,,,,,,
9561,Bayern,"Ansbach, kreisfreie Stadt","Neustadt a.d.Aisch-Bad Windsheim, Landkreis","Fürth, kreisfreie Stadt","Roth, Landkreis","Weißenburg-Gunzenhausen, Landkreis","Donau-Ries, Landkreis","Ostalbkreis, Landkreis","Schwäbisch Hall, Landkreis","Main-Tauber-Kreis, Landkreis","Ansbach, kreisfreie Stadt",,,
9561,Bayern,"Ansbach, kreisfreie Stadt","Ansbach, kreisfreie Stadt",,,,,,,,,,,
9563,Bayern,"Fürth, kreisfreie Stadt","Neustadt a.d.Aisch-Bad Windsheim, Landkreis","Erlangen-Höchstadt, Landkreis","Erlangen, kreisfreie Stadt","Fürth, kreisfreie Stadt","Nürnberg, kreisfreie Stadt","Roth, Landkreis","Ansbach, kreisfreie Stadt",,,,,
9563,Bayern,"Fürth, kreisfreie Stadt","Fürth, kreisfreie Stadt","Erlangen, kreisfreie Stadt","Nürnberg, kreisfreie Stadt",,,,,,,,,
9564,Bayern,"Nürnberg, kreisfreie Stadt","Erlangen-Höchstadt, Landkreis","Nürnberger Land, Landkreis","Roth, Landkreis","Schwabach, kreisfreie Stadt","Fürth, kreisfreie Stadt","Fürth, kreisfreie Stadt","Erlangen, kreisfreie Stadt",,,,,
9574,Bayern,"Nürnberger Land, Landkreis","Forchheim, Landkreis","Bayreuth, kreisfreie Stadt","Amberg-Sulzbach, Landkreis","Neumarkt i.d.OPf., Landkreis","Roth, Landkreis","Nürnberg, kreisfreie Stadt","Erlangen-Höchstadt, Landkreis",,,,,
9565,Bayern,"Schwabach, kreisfreie Stadt","Nürnberg, kreisfreie Stadt","Roth, Landkreis",,,,,,,,,,
9576,Bayern,"Roth, Landkreis","Fürth, kreisfreie Stadt","Schwabach, kreisfreie Stadt","Nürnberg, kreisfreie Stadt","Nürnberger Land, Landkreis","Neumarkt i.d.OPf., Landkreis","Eichstätt, Landkreis","Weißenburg-Gunzenhausen, Landkreis","Ansbach, kreisfreie Stadt",,,,
9577,Bayern,"Weißenburg-Gunzenhausen, Landkreis","Ansbach, kreisfreie Stadt","Roth, Landkreis","Eichstätt, Landkreis","Donau-Ries, Landkreis",,,,,,,,
9377,Bayern,"Tirschenreuth, Landkreis","Wunsiedel i.Fichtelgebirge, Landkreis","Neustadt a.d.Waldnaab, Landkreis","Bayreuth, kreisfreie Stadt",,,,,,,,,
9374,Bayern,"Neustadt a.d.Waldnaab, Landkreis","Tirschenreuth, Landkreis","Schwandorf, Landkreis","Amberg-Sulzbach, Landkreis","Bayreuth, kreisfreie Stadt","Weiden i.d.OPf., kreisfreie Stadt",,,,,,,
9363,Bayern,"Weiden i.d.OPf., kreisfreie Stadt","Neustadt a.d.Waldnaab, Landkreis",,,,,,,,,,,
9371,Bayern,"Amberg-Sulzbach, Landkreis","Bayreuth, kreisfreie Stadt","Neustadt a.d.Waldnaab, Landkreis","Schwandorf, Landkreis","Neumarkt i.d.OPf., Landkreis","Nürnberger Land, Landkreis","Amberg, kreisfreie Stadt",,,,,,
9361,Bayern,"Amberg, kreisfreie Stadt","Amberg-Sulzbach, Landkreis",,,,,,,,,,,
9376,Bayern,"Schwandorf, Landkreis","Neustadt a.d.Waldnaab, Landkreis","Cham, Landkreis","Regensburg, kreisfreie Stadt","Neumarkt i.d.OPf., Landkreis","Amberg-Sulzbach, Landkreis",,,,,,,
9372,Bayern,"Cham, Landkreis","Schwandorf, Landkreis","Regen, Landkreis","Straubing-Bogen, Landkreis","Regensburg, kreisfreie Stadt",,,,,,,,
9373,Bayern,"Neumarkt i.d.OPf., Landkreis","Nürnberger Land, Landkreis","Amberg-Sulzbach, Landkreis","Schwandorf, Landkreis","Regensburg, kreisfreie Stadt","Kelheim, Landkreis","Eichstätt, Landkreis","Roth, Landkreis",,,,,
9362,Bayern,"Regensburg, kreisfreie Stadt","Neumarkt i.d.OPf., Landkreis","Schwandorf, Landkreis","Cham, Landkreis","Straubing-Bogen, Landkreis","Landshut, kreisfreie Stadt","Kelheim, Landkreis","Regensburg, kreisfreie Stadt",,,,,
9362,Bayern,"Regensburg, kreisfreie Stadt","Regensburg, kreisfreie Stadt",,,,,,,,,,,
9273,Bayern,"Kelheim, Landkreis","Neumarkt i.d.OPf., Landkreis","Regensburg, kreisfreie Stadt","Landshut, kreisfreie Stadt","Freising, Landkreis","Pfaffenhofen a.d.Ilm, Landkreis","Eichstätt, Landkreis",,,,,,
9261,Bayern,"Landshut, kreisfreie Stadt","Kelheim, Landkreis","Regensburg, kreisfreie Stadt","Straubing-Bogen, Landkreis","Dingolfing-Landau, Landkreis","Rottal-Inn, Landkreis","Mühldorf a.Inn, Landkreis","Erding, Landkreis","Freising, Landkreis","Landshut, kreisfreie Stadt",,,
9261,Bayern,"Landshut, kreisfreie Stadt","Landshut, kreisfreie Stadt",,,,,,,,,,,
9278,Bayern,"Straubing-Bogen, Landkreis","Regensburg, kreisfreie Stadt","Cham, Landkreis","Regen, Landkreis","Deggendorf, Landkreis","Dingolfing-Landau, Landkreis","Landshut, kreisfreie Stadt","Straubing, kreisfreie Stadt",,,,,
9263,Bayern,"Straubing, kreisfreie Stadt","Straubing-Bogen, Landkreis",,,,,,,,,,,
9276,Bayern,"Regen, Landkreis","Cham, Landkreis","Freyung-Grafenau, Landkreis","Deggendorf, Landkreis","Straubing-Bogen, Landkreis",,,,,,,,
9279,Bayern,"Dingolfing-Landau, Landkreis","Straubing-Bogen, Landkreis","Deggendorf, Landkreis","Rottal-Inn, Landkreis","Landshut, kreisfreie Stadt",,,,,,,,
9271,Bayern,"Deggendorf, Landkreis","Regen, Landkreis","Freyung-Grafenau, Landkreis","Passau, kreisfreie Stadt","Rottal-Inn, Landkreis","Dingolfing-Landau, Landkreis","Straubing-Bogen, Landkreis",,,,,,
9272,Bayern,"Freyung-Grafenau, Landkreis","Regen, Landkreis","Passau, kreisfreie Stadt","Deggendorf, Landkreis",,,,,,,,,
9277,Bayern,"Rottal-Inn, Landkreis","Dingolfing-Landau, Landkreis","Deggendorf, Landkreis","Passau, kreisfreie Stadt","Altötting, Landkreis","Mühldorf a.Inn, Landkreis","Landshut, kreisfreie Stadt",,,,,,
9262,Bayern,"Passau, kreisfreie Stadt","Freyung-Grafenau, Landkreis","Rottal-Inn, Landkreis","Deggendorf, Landkreis","Passau, kreisfreie Stadt",,,,,,,,
9262,Bayern,"Passau, kreisfreie Stadt","Passau, kreisfreie Stadt",,,,,,,,,,,
9176,Bayern,"Eichstätt, Landkreis","Weißenburg-Gunzenhausen, Landkreis","Roth, Landkreis","Neumarkt i.d.OPf., Landkreis","Kelheim, Landkreis","Pfaffenhofen a.d.Ilm, Landkreis","Ingolstadt, kreisfreie Stadt","Neuburg-Schrobenhausen, Landkreis","Donau-Ries, Landkreis",,,,
9185,Bayern,"Neuburg-Schrobenhausen, Landkreis","Eichstätt, Landkreis","Ingolstadt, kreisfreie Stadt","Pfaffenhofen a.d.Ilm, Landkreis","Aichach-Friedberg, Landkreis","Donau-Ries, Landkreis",,,,,,,
9161,Bayern,"Ingolstadt, kreisfreie Stadt","Eichstätt, Landkreis","Pfaffenhofen a.d.Ilm, Landkreis","Neuburg-Schrobenhausen, Landkreis",,,,,,,,,
9186,Bayern,"Pfaffenhofen a.d.Ilm, Landkreis","Ingolstadt, kreisfreie Stadt","Eichstätt, Landkreis","Kelheim, Landkreis","Freising, Landkreis","Dachau, Landkreis","Aichach-Friedberg, Landkreis","Neuburg-Schrobenhausen, Landkreis",,,,,
9178,Bayern,"Freising, Landkreis","Kelheim, Landkreis","Landshut, kreisfreie Stadt","Erding, Landkreis","München, kreisfreie Stadt","Dachau, Landkreis","Pfaffenhofen a.d.Ilm, Landkreis",,,,,,
9174,Bayern,"Dachau, Landkreis","Pfaffenhofen a.d.Ilm, Landkreis","Freising, Landkreis","München, kreisfreie Stadt","München, kreisfreie Stadt","Fürstenfeldbruck, Landkreis","Aichach-Friedberg, Landkreis",,,,,,
9162,Bayern,"München, kreisfreie Stadt","Freising, Landkreis","Erding, Landkreis","Ebersberg, Landkreis","Rosenheim, kreisfreie Stadt","Miesbach, Landkreis","Bad Tölz-Wolfratshausen, Landkreis","Starnberg, Landkreis","Fürstenfeldbruck, Landkreis","Dachau, Landkreis","München, kreisfreie Stadt",,
9162,Bayern,"München, kreisfreie Stadt","Dachau, Landkreis","München, kreisfreie Stadt","Fürstenfeldbruck, Landkreis",,,,,,,,,
9179,Bayern,"Fürstenfeldbruck, Landkreis","Dachau, Landkreis","München, kreisfreie Stadt","München, kreisfreie Stadt","Starnberg, Landkreis","Aichach-Friedberg, Landkreis","Landsberg am Lech, Landkreis",,,,,,
9181,Bayern,"Landsberg am Lech, Landkreis","Aichach-Friedberg, Landkreis","Fürstenfeldbruck, Landkreis","Starnberg, Landkreis","Weilheim-Schongau, Landkreis","Ostallgäu, Landkreis","Augsburg, kreisfreie Stadt",,,,,,
9188,Bayern,"Starnberg, Landkreis","Fürstenfeldbruck, Landkreis","München, kreisfreie Stadt","Bad Tölz-Wolfratshausen, Landkreis","Weilheim-Schongau, Landkreis","Landsberg am Lech, Landkreis",,,,,,,
9190,Bayern,"Weilheim-Schongau, Landkreis","Landsberg am Lech, Landkreis","Starnberg, Landkreis","Bad Tölz-Wolfratshausen, Landkreis","Garmisch-Partenkirchen, Landkreis","Ostallgäu, Landkreis",,,,,,,
9173,Bayern,"Bad Tölz-Wolfratshausen, Landkreis","Starnberg, Landkreis","München, kreisfreie Stadt","Miesbach, Landkreis","Garmisch-Partenkirchen, Landkreis","Weilheim-Schongau, Landkreis",,,,,,,
9182,Bayern,"Miesbach, Landkreis","München, kreisfreie Stadt","Rosenheim, kreisfreie Stadt","Bad Tölz-Wolfratshausen, Landkreis",,,,,,,,,
9177,Bayern,"Erding, Landkreis","Freising, Landkreis","Landshut, kreisfreie Stadt","Mühldorf a.Inn, Landkreis","Ebersberg, Landkreis","München, kreisfreie Stadt",,,,,,,
9183,Bayern,"Mühldorf a.Inn, Landkreis","Landshut, kreisfreie Stadt","Rottal-Inn, Landkreis","Altötting, Landkreis","Traunstein, Landkreis","Rosenheim, kreisfreie Stadt","Ebersberg, Landkreis","Erding, Landkreis",,,,,
9171,Bayern,"Altötting, Landkreis","Rottal-Inn, Landkreis","Traunstein, Landkreis","Mühldorf a.Inn, Landkreis",,,,,,,,,
9175,Bayern,"Ebersberg, Landkreis","Erding, Landkreis","Mühldorf a.Inn, Landkreis","Rosenheim, kreisfreie Stadt","München, kreisfreie Stadt",,,,,,,,
9163,Bayern,"Rosenheim, kreisfreie Stadt","Ebersberg, Landkreis","Mühldorf a.Inn, Landkreis","Traunstein, Landkreis","Miesbach, Landkreis","München, kreisfreie Stadt","Rosenheim, kreisfreie Stadt",,,,,,
9163,Bayern,"Rosenheim, kreisfreie Stadt","Rosenheim, kreisfreie Stadt",,,,,,,,,,,
9189,Bayern,"Traunstein, Landkreis","Mühldorf a.Inn, Landkreis","Altötting, Landkreis","Berchtesgadener Land, Landkreis","Rosenheim, kreisfreie Stadt",,,,,,,,
9172,Bayern,"Berchtesgadener Land, Landkreis","Traunstein, Landkreis",,,,,,,,,,,
9180,Bayern,"Garmisch-Partenkirchen, Landkreis","Weilheim-Schongau, Landkreis","Bad Tölz-Wolfratshausen, Landkreis","Ostallgäu, Landkreis",,,,,,,,,
9779,Bayern,"Donau-Ries, Landkreis","Ansbach, kreisfreie Stadt","Weißenburg-Gunzenhausen, Landkreis","Eichstätt, Landkreis","Neuburg-Schrobenhausen, Landkreis","Aichach-Friedberg, Landkreis","Augsburg, kreisfreie Stadt","Dillingen a.d.Donau, Landkreis","Heidenheim, Landkreis","Ostalbkreis, Landkreis",,,
9773,Bayern,"Dillingen a.d.Donau, Landkreis","Donau-Ries, Landkreis","Augsburg, kreisfreie Stadt","Günzburg, Landkreis","Heidenheim, Landkreis",,,,,,,,
9775,Bayern,"Neu-Ulm, Landkreis","Alb-Donau-Kreis, Landkreis","Günzburg, Landkreis","Unterallgäu, Landkreis","Biberach, Landkreis","Ulm, Stadtkreis",,,,,,,
9774,Bayern,"Günzburg, Landkreis","Heidenheim, Landkreis","Dillingen a.d.Donau, Landkreis","Augsburg, kreisfreie Stadt","Unterallgäu, Landkreis","Neu-Ulm, Landkreis","Alb-Donau-Kreis, Landkreis",,,,,,
9761,Bayern,"Augsburg, kreisfreie Stadt","Dillingen a.d.Donau, Landkreis","Donau-Ries, Landkreis","Aichach-Friedberg, Landkreis","Augsburg, kreisfreie Stadt","Landsberg am Lech, Landkreis","Ostallgäu, Landkreis","Unterallgäu, Landkreis","Günzburg, Landkreis",,,,
9761,Bayern,"Augsburg, kreisfreie Stadt","Augsburg, kreisfreie Stadt","Aichach-Friedberg, Landkreis",,,,,,,,,,
9771,Bayern,"Aichach-Friedberg, Landkreis","Donau-Ries, Landkreis","Neuburg-Schrobenhausen, Landkreis","Pfaffenhofen a.d.Ilm, Landkreis","Dachau, Landkreis","Fürstenfeldbruck, Landkreis","Landsberg am Lech, Landkreis","Augsburg, kreisfreie Stadt","Augsburg, kreisfreie Stadt",,,,
9778,Bayern,"Unterallgäu, Landkreis","Neu-Ulm, Landkreis","Günzburg, Landkreis","Augsburg, kreisfreie Stadt","Ostallgäu, Landkreis","Ravensburg, Landkreis","Biberach, Landkreis","Memmingen, kreisfreie Stadt","Oberallgäu, Landkreis",,,,
9764,Bayern,"Memmingen, kreisfreie Stadt","Unterallgäu, Landkreis","Ravensburg, Landkreis","Biberach, Landkreis",,,,,,,,,
9776,Bayern,"Lindau (Bodensee), Landkreis","Bodenseekreis, Landkreis","Ravensburg, Landkreis","Oberallgäu, Landkreis",,,,,,,,,
9780,Bayern,"Oberallgäu, Landkreis","Unterallgäu, Landkreis","Ostallgäu, Landkreis","Lindau (Bodensee), Landkreis","Kempten (Allgäu), kreisfreie Stadt","Ravensburg, Landkreis",,,,,,,
9777,Bayern,"Ostallgäu, Landkreis","Unterallgäu, Landkreis","Augsburg, kreisfreie Stadt","Landsberg am Lech, Landkreis","Weilheim-Schongau, Landkreis","Garmisch-Partenkirchen, Landkreis","Oberallgäu, Landkreis","Kaufbeuren, kreisfreie Stadt",,,,,
9763,Bayern,"Kempten (Allgäu), kreisfreie Stadt","Oberallgäu, Landkreis",,,,,,,,,,,
9762,Bayern,"Kaufbeuren, kreisfreie Stadt","Ostallgäu, Landkreis",,,,,,,,,,,
11,Berlin,Berlin,"Oberhavel, Landkreis","Barnim, Landkreis","Märkisch-Oderland, Landkreis","Oder-Spree, Landkreis","Dahme-Spreewald, Landkreis","Potsdam-Mittelmark, Landkreis","Potsdam, kreisfreie Stadt","Havelland, Landkreis","Teltow-Fläming, Landkreis",,,
8222,Baden-Württemberg,"Mannheim, Stadtkreis","Bergstraße, Landkreis","Rhein-Neckar-Kreis, Landkreis","Heidelberg, Stadtkreis",Rhein-Pfalz-Kreis,"Ludwigshafen am Rhein, kreisfreie Stadt","Frankenthal (Pfalz), kreisfreie Stadt",,,,,,
8226,Baden-Württemberg,"Rhein-Neckar-Kreis, Landkreis","Bergstraße, Landkreis",Odenwaldkreis,"Neckar-Odenwald-Kreis, Landkreis","Heilbronn, Landkreis","Karlsruhe, Landkreis","Speyer, kreisfreie Stadt",Rhein-Pfalz-Kreis,"Heidelberg, Stadtkreis","Mannheim, Stadtkreis",,,
8221,Baden-Württemberg,"Heidelberg, Stadtkreis","Rhein-Neckar-Kreis, Landkreis","Mannheim, Stadtkreis",,,,,,,,,,
8225,Baden-Württemberg,"Neckar-Odenwald-Kreis, Landkreis",Odenwaldkreis,"Miltenberg, Landkreis","Main-Tauber-Kreis, Landkreis","Hohenlohekreis, Landkreis","Heilbronn, Landkreis","Rhein-Neckar-Kreis, Landkreis",,,,,,
8215,Baden-Württemberg,"Karlsruhe, Landkreis","Rhein-Neckar-Kreis, Landkreis","Heilbronn, Landkreis","Enzkreis, Landkreis","Calw, Landkreis","Rastatt, Landkreis","Karlsruhe, Landkreis","Germersheim, Landkreis",Rhein-Pfalz-Kreis,"Speyer, kreisfreie Stadt",,,
8215,Baden-Württemberg,"Karlsruhe, Landkreis","Karlsruhe, Landkreis","Germersheim, Landkreis",,,,,,,,,,
8236,Baden-Württemberg,"Enzkreis, Landkreis","Karlsruhe, Landkreis","Heilbronn, Landkreis","Ludwigsburg, Landkreis","Pforzheim, Stadtkreis","Böblingen, Landkreis","Calw, Landkreis",,,,,,
8216,Baden-Württemberg,"Rastatt, Landkreis","Germersheim, Landkreis","Karlsruhe, Landkreis","Calw, Landkreis","Freudenstadt, Landkreis","Ortenaukreis, Landkreis","Baden-Baden, Stadtkreis",,,,,,
8231,Baden-Württemberg,"Pforzheim, Stadtkreis","Enzkreis, Landkreis","Calw, Landkreis",,,,,,,,,,
8235,Baden-Württemberg,"Calw, Landkreis","Enzkreis, Landkreis","Pforzheim, Stadtkreis","Böblingen, Landkreis","Tübingen, Landkreis","Freudenstadt, Landkreis","Rastatt, Landkreis","Karlsruhe, Landkreis",,,,,
8237,Baden-Württemberg,"Freudenstadt, Landkreis","Rastatt, Landkreis","Calw, Landkreis","Tübingen, Landkreis","Zollernalbkreis, Landkreis","Rottweil, Landkreis","Ortenaukreis, Landkreis",,,,,,
8211,Baden-Württemberg,"Baden-Baden, Stadtkreis","Rastatt, Landkreis",,,,,,,,,,,
8128,Baden-Württemberg,"Main-Tauber-Kreis, Landkreis","Miltenberg, Landkreis","Main-Spessart, Landkreis","Würzburg, kreisfreie Stadt","Neustadt a.d.Aisch-Bad Windsheim, Landkreis","Ansbach, kreisfreie Stadt","Schwäbisch Hall, Landkreis","Hohenlohekreis, Landkreis","Neckar-Odenwald-Kreis, Landkreis",,,,
8125,Baden-Württemberg,"Heilbronn, Landkreis","Rhein-Neckar-Kreis, Landkreis","Neckar-Odenwald-Kreis, Landkreis","Hohenlohekreis, Landkreis","Schwäbisch Hall, Landkreis","Rems-Murr-Kreis, Landkreis","Ludwigsburg, Landkreis","Enzkreis, Landkreis","Karlsruhe, Landkreis","Heilbronn, Landkreis",,,
8125,Baden-Württemberg,"Heilbronn, Landkreis","Heilbronn, Landkreis",,,,,,,,,,,
8126,Baden-Württemberg,"Hohenlohekreis, Landkreis","Neckar-Odenwald-Kreis, Landkreis","Main-Tauber-Kreis, Landkreis","Schwäbisch Hall, Landkreis","Heilbronn, Landkreis",,,,,,,,
8127,Baden-Württemberg,"Schwäbisch Hall, Landkreis","Hohenlohekreis, Landkreis","Main-Tauber-Kreis, Landkreis","Ansbach, kreisfreie Stadt","Ostalbkreis, Landkreis","Rems-Murr-Kreis, Landkreis","Heilbronn, Landkreis",,,,,,
8118,Baden-Württemberg,"Ludwigsburg, Landkreis","Heilbronn, Landkreis","Rems-Murr-Kreis, Landkreis","Stuttgart, Stadtkreis","Böblingen, Landkreis","Enzkreis, Landkreis",,,,,,,
8119,Baden-Württemberg,"Rems-Murr-Kreis, Landkreis","Heilbronn, Landkreis","Schwäbisch Hall, Landkreis","Ostalbkreis, Landkreis","Göppingen, Landkreis","Esslingen, Landkreis","Stuttgart, Stadtkreis","Ludwigsburg, Landkreis",,,,,
8136,Baden-Württemberg,"Ostalbkreis, Landkreis","Schwäbisch Hall, Landkreis","Ansbach, kreisfreie Stadt","Donau-Ries, Landkreis","Heidenheim, Landkreis","Göppingen, Landkreis","Rems-Murr-Kreis, Landkreis",,,,,,
8115,Baden-Württemberg,"Böblingen, Landkreis","Enzkreis, Landkreis","Ludwigsburg, Landkreis","Stuttgart, Stadtkreis","Esslingen, Landkreis","Tübingen, Landkreis","Calw, Landkreis","Reutlingen, Landkreis",,,,,
8111,Baden-Württemberg,"Stuttgart, Stadtkreis","Ludwigsburg, Landkreis","Rems-Murr-Kreis, Landkreis","Esslingen, Landkreis","Böblingen, Landkreis",,,,,,,,
8116,Baden-Württemberg,"Esslingen, Landkreis","Stuttgart, Stadtkreis","Rems-Murr-Kreis, Landkreis","Göppingen, Landkreis","Reutlingen, Landkreis","Böblingen, Landkreis",,,,,,,
8117,Baden-Württemberg,"Göppingen, Landkreis","Rems-Murr-Kreis, Landkreis","Ostalbkreis, Landkreis","Heidenheim, Landkreis","Alb-Donau-Kreis, Landkreis","Esslingen, Landkreis",,,,,,,
8135,Baden-Württemberg,"Heidenheim, Landkreis","Ostalbkreis, Landkreis","Donau-Ries, Landkreis","Dillingen a.d.Donau, Landkreis","Günzburg, Landkreis","Alb-Donau-Kreis, Landkreis","Göppingen, Landkreis",,,,,,
8317,Baden-Württemberg,"Ortenaukreis, Landkreis","Rastatt, Landkreis","Freudenstadt, Landkreis","Rottweil, Landkreis","Schwarzwald-Baar-Kreis, Landkreis","Emmendingen, Landkreis",,,,,,,
8325,Baden-Württemberg,"Rottweil, Landkreis","Freudenstadt, Landkreis","Zollernalbkreis, Landkreis","Tuttlingen, Landkreis","Schwarzwald-Baar-Kreis, Landkreis","Ortenaukreis, Landkreis",,,,,,,
8316,Baden-Württemberg,"Emmendingen, Landkreis","Ortenaukreis, Landkreis","Schwarzwald-Baar-Kreis, Landkreis","Breisgau-Hochschwarzwald, Landkreis","Freiburg im Breisgau, Stadtkreis",,,,,,,,
8326,Baden-Württemberg,"Schwarzwald-Baar-Kreis, Landkreis","Ortenaukreis, Landkreis","Rottweil, Landkreis","Tuttlingen, Landkreis","Konstanz, Landkreis","Waldshut, Landkreis","Breisgau-Hochschwarzwald, Landkreis","Emmendingen, Landkreis",,,,,
8327,Baden-Württemberg,"Tuttlingen, Landkreis","Rottweil, Landkreis","Zollernalbkreis, Landkreis","Sigmaringen, Landkreis","Konstanz, Landkreis","Schwarzwald-Baar-Kreis, Landkreis",,,,,,,
8315,Baden-Württemberg,"Breisgau-Hochschwarzwald, Landkreis","Emmendingen, Landkreis","Schwarzwald-Baar-Kreis, Landkreis","Waldshut, Landkreis","Lörrach, Landkreis","Freiburg im Breisgau, Stadtkreis",,,,,,,
8311,Baden-Württemberg,"Freiburg im Breisgau, Stadtkreis","Emmendingen, Landkreis","Breisgau-Hochschwarzwald, Landkreis",,,,,,,,,,
8336,Baden-Württemberg,"Lörrach, Landkreis","Breisgau-Hochschwarzwald, Landkreis","Waldshut, Landkreis",,,,,,,,,,
8337,Baden-Württemberg,"Waldshut, Landkreis","Breisgau-Hochschwarzwald, Landkreis","Schwarzwald-Baar-Kreis, Landkreis","Lörrach, Landkreis",,,,,,,,,
8335,Baden-Württemberg,"Konstanz, Landkreis","Tuttlingen, Landkreis","Sigmaringen, Landkreis","Bodenseekreis, Landkreis","Schwarzwald-Baar-Kreis, Landkreis",,,,,,,,
8416,Baden-Württemberg,"Tübingen, Landkreis","Böblingen, Landkreis","Reutlingen, Landkreis","Zollernalbkreis, Landkreis","Freudenstadt, Landkreis","Calw, Landkreis",,,,,,,
8415,Baden-Württemberg,"Reutlingen, Landkreis","Esslingen, Landkreis","Alb-Donau-Kreis, Landkreis","Biberach, Landkreis","Sigmaringen, Landkreis","Zollernalbkreis, Landkreis","Tübingen, Landkreis","Böblingen, Landkreis",,,,,
8425,Baden-Württemberg,"Alb-Donau-Kreis, Landkreis","Göppingen, Landkreis","Heidenheim, Landkreis","Günzburg, Landkreis","Neu-Ulm, Landkreis","Ulm, Stadtkreis","Biberach, Landkreis","Reutlingen, Landkreis",,,,,
8421,Baden-Württemberg,"Ulm, Stadtkreis","Alb-Donau-Kreis, Landkreis","Neu-Ulm, Landkreis",,,,,,,,,,
8417,Baden-Württemberg,"Zollernalbkreis, Landkreis","Tübingen, Landkreis","Reutlingen, Landkreis","Sigmaringen, Landkreis","Tuttlingen, Landkreis","Rottweil, Landkreis","Freudenstadt, Landkreis",,,,,,
8437,Baden-Württemberg,"Sigmaringen, Landkreis","Zollernalbkreis, Landkreis","Reutlingen, Landkreis","Biberach, Landkreis","Ravensburg, Landkreis","Bodenseekreis, Landkreis","Konstanz, Landkreis","Tuttlingen, Landkreis",,,,,
8426,Baden-Württemberg,"Biberach, Landkreis","Reutlingen, Landkreis","Alb-Donau-Kreis, Landkreis","Neu-Ulm, Landkreis","Unterallgäu, Landkreis","Ravensburg, Landkreis","Sigmaringen, Landkreis","Memmingen, kreisfreie Stadt",,,,,
8435,Baden-Württemberg,"Bodenseekreis, Landkreis","Sigmaringen, Landkreis","Ravensburg, Landkreis","Konstanz, Landkreis","Lindau (Bodensee), Landkreis",,,,,,,,
8436,Baden-Württemberg,"Ravensburg, Landkreis","Biberach, Landkreis","Memmingen, kreisfreie Stadt","Unterallgäu, Landkreis","Oberallgäu, Landkreis","Lindau (Bodensee), Landkreis","Bodenseekreis, Landkreis","Sigmaringen, Landkreis",,,,,